iter,p1,p2,fitness,best_fitness,cl,cd,t_max,feasible
1,0.19865936435470694,-0.09533774827514983,0.004267967560240798,0.004267967560240798,0.7541471580009742,0.004267967560240798,0.12310527026454963,1
2,0.19935638949889506,-0.10216927037549889,0.004140396582149453,0.004140396582149453,0.7394731006268954,0.004140396582149453,0.12659711476827748,1
3,0.20597877668588832,-0.08380327501172853,0.004024356215650469,0.004024356215650469,0.7309641356383924,0.004024356215650469,0.12238275608404219,1
4,0.19419327451728494,-0.07334837419375029,0.0038667282449493133,0.0038667282449493133,0.7320246652386828,0.0038667282449493133,0.12370777913636573,1
5,0.18456345742913344,-0.07276468999999999,0.00367506745591368,0.00367506745591368,0.7270459710023217,0.00367506745591368,0.12175732493757424,1
6,0.17513922663880815,-0.07276468999999999,0.0036319891316310103,0.0036319891316310103,0.7239233649920859,0.0036319891316310103,0.12088360831081528,1
7,0.17150203499350258,-0.07276468999999999,0.0035808033528070987,0.0035808033528070987,0.7260258931012769,0.0035808033528070987,0.12011774892576482,1
8,0.1814215912645585,-0.07276468999999999,0.0035644251469230674,0.0035644251469230674,0.7220873369281253,0.0035644251469230674,0.1200728405585957,1
9,0.16375980638417945,-0.07276468999999999,0.003509565715125143,0.003509565715125143,0.7279029862377493,0.003509565715125143,0.12019057588058994,1
10,0.16189918359101457,-0.07276468999999999,0.003476030031315633,0.003476030031315633,0.7262981518195109,0.003476030031315633,0.12002375680783915,1
11,0.1590229457564071,-0.07276468999999999,0.0034280349961854284,0.0034280349961854284,0.7225675067796656,0.0034280349961854284,0.12039896864596934,1
12,0.15653767,-0.07276468999999999,0.0034177135615558194,0.0034177135615558194,0.7221153276982324,0.0034177135615558194,0.12001138140768933,1
13,0.15653767,-0.07276468999999999,0.0034177135615558194,0.0034177135615558194,0.7221153276982324,0.0034177135615558194,0.12001138140768933,1
14,0.15653767,-0.07276468999999999,0.0034177135615558194,0.0034177135615558194,0.7221153276982324,0.0034177135615558194,0.12001138140768933,1
15,0.15653767,-0.07276468999999999,0.0034112951346955524,0.0034112951346955524,0.7234663379241707,0.0034112951346955524,0.12016797107440941,1
16,0.15653767,-0.07276468999999999,0.0034112951346955524,0.0034112951346955524,0.7234663379241707,0.0034112951346955524,0.12016797107440941,1
17,0.15653767,-0.07276468999999999,0.00340337949328656,0.00340337949328656,0.7219230100767263,0.00340337949328656,0.1201154351527467,1
18,0.15653767,-0.07276468999999999,0.0033785628817122634,0.0033785628817122634,0.7197761865525064,0.0033785628817122634,0.12007835449358792,1
19,0.15653767,-0.07276468999999999,0.0033785628817122634,0.0033785628817122634,0.7197761865525064,0.0033785628817122634,0.12007835449358792,1
20,0.15653767,-0.07276468999999999,0.0033785628817122634,0.0033785628817122634,0.7197761865525064,0.0033785628817122634,0.12007835449358792,1
21,0.15653767,-0.07276468999999999,0.0033785628817122634,0.0033785628817122634,0.7197761865525064,0.0033785628817122634,0.12007835449358792,1
22,0.15653767,-0.07276468999999999,0.0033782315409753147,0.0033782315409753147,0.7198410939399731,0.0033782315409753147,0.12002816615015924,1
23,0.15653767,-0.07276468999999999,0.003373701626107196,0.003373701626107196,0.7209058441436619,0.003373701626107196,0.1201412813256263,1
24,0.15653767,-0.07276468999999999,0.003373701626107196,0.003373701626107196,0.7209058441436619,0.003373701626107196,0.1201412813256263,1
25,0.15653767,-0.07276468999999999,0.003373701626107196,0.003373701626107196,0.7209058441436619,0.003373701626107196,0.1201412813256263,1
26,0.15653767,-0.07276468999999999,0.003373701626107196,0.003373701626107196,0.7209058441436619,0.003373701626107196,0.1201412813256263,1
27,0.15653767,-0.07276468999999999,0.0033660419480329973,0.0033660419480329973,0.7197796752236627,0.0033660419480329973,0.12015028917744514,1
28,0.15653767,-0.07276468999999999,0.0033660419480329973,0.0033660419480329973,0.7197796752236627,0.0033660419480329973,0.12015028917744514,1
29,0.15653767,-0.07276468999999999,0.0033660419480329973,0.0033660419480329973,0.7197796752236627,0.0033660419480329973,0.12015028917744514,1
30,0.15653767,-0.07276468999999999,0.0033660419480329973,0.0033660419480329973,0.7197796752236627,0.0033660419480329973,0.12015028917744514,1
31,0.15653767,-0.07276468999999999,0.0033660419480329973,0.0033660419480329973,0.7197796752236627,0.0033660419480329973,0.12015028917744514,1
32,0.15653767,-0.07276468999999999,0.0033654193866597152,0.0033654193866597152,0.7198428036370388,0.0033654193866597152,0.12024477829893485,1
33,0.15653767,-0.07276468999999999,0.0033592687499045372,0.0033592687499045372,0.7197829491351904,0.0033592687499045372,0.12034148676759672,1
34,0.15653767,-0.07276468999999999,0.0033569551066303803,0.0033569551066303803,0.7204866845235635,0.0033569551066303803,0.12008545410725707,1
35,0.15653767,-0.07276468999999999,0.0033569551066303803,0.0033569551066303803,0.7204866845235635,0.0033569551066303803,0.12008545410725707,1
36,0.15653767,-0.07276468999999999,0.0033569551066303803,0.0033569551066303803,0.7204866845235635,0.0033569551066303803,0.12008545410725707,1
37,0.15653767,-0.07276468999999999,0.003355836135596767,0.003355836135596767,0.7199077096607038,0.003355836135596767,0.12014591836500411,1
38,0.15653767,-0.07276468999999999,0.0033533119073532332,0.0033533119073532332,0.7198389274654087,0.0033533119073532332,0.12005370184909864,1
39,0.15653767,-0.07276468999999999,0.0033533119073532332,0.0033533119073532332,0.7198389274654087,0.0033533119073532332,0.12005370184909864,1
40,0.15653767,-0.07276468999999999,0.0033533119073532332,0.0033533119073532332,0.7198389274654087,0.0033533119073532332,0.12005370184909864,1
41,0.15653767,-0.07276468999999999,0.0033533119073532332,0.0033533119073532332,0.7198389274654087,0.0033533119073532332,0.12005370184909864,1
42,0.15653767,-0.07276468999999999,0.0033533119073532332,0.0033533119073532332,0.7198389274654087,0.0033533119073532332,0.12005370184909864,1
43,0.15653767,-0.07276468999999999,0.0033533119073532332,0.0033533119073532332,0.7198389274654087,0.0033533119073532332,0.12005370184909864,1
44,0.15653767,-0.07276468999999999,0.0033533119073532332,0.0033533119073532332,0.7198389274654087,0.0033533119073532332,0.12005370184909864,1
45,0.15653767,-0.07276468999999999,0.0033533119073532332,0.0033533119073532332,0.7198389274654087,0.0033533119073532332,0.12005370184909864,1
46,0.15653767,-0.07276468999999999,0.0033533119073532332,0.0033533119073532332,0.7198389274654087,0.0033533119073532332,0.12005370184909864,1
47,0.15653767,-0.07276468999999999,0.0033533119073532332,0.0033533119073532332,0.7198389274654087,0.0033533119073532332,0.12005370184909864,1
48,0.15653767,-0.07276468999999999,0.0033533119073532332,0.0033533119073532332,0.7198389274654087,0.0033533119073532332,0.12005370184909864,1
49,0.15653767,-0.07276468999999999,0.0033533119073532332,0.0033533119073532332,0.7198389274654087,0.0033533119073532332,0.12005370184909864,1
50,0.15653767,-0.07276468999999999,0.0033533119073532332,0.0033533119073532332,0.7198389274654087,0.0033533119073532332,0.12005370184909864,1
51,0.15653767,-0.07276468999999999,0.0033533119073532332,0.0033533119073532332,0.7198389274654087,0.0033533119073532332,0.12005370184909864,1
52,0.15653767,-0.07276468999999999,0.003351936038772019,0.003351936038772019,0.7197563803846131,0.003351936038772019,0.12003572057249277,1
53,0.15653767,-0.07276468999999999,0.0033516600153809767,0.0033516600153809767,0.720262954044541,0.0033516600153809767,0.12007028745391937,1
54,0.15653767,-0.07276468999999999,0.003351627167384606,0.003351627167384606,0.71987251944703,0.003351627167384606,0.12008142700642349,1
55,0.15653767,-0.07276468999999999,0.003351627167384606,0.003351627167384606,0.71987251944703,0.003351627167384606,0.12008142700642349,1
56,0.15653767,-0.07276468999999999,0.0033470381859875844,0.0033470381859875844,0.7202803896851084,0.0033470381859875844,0.12004733104158632,1
57,0.15653767,-0.07276468999999999,0.0033470381859875844,0.0033470381859875844,0.7202803896851084,0.0033470381859875844,0.12004733104158632,1
58,0.15653767,-0.07276468999999999,0.0033461725627283766,0.0033461725627283766,0.7196561610192829,0.0033461725627283766,0.12016278708022124,1
59,0.15653767,-0.07276468999999999,0.0033419495396589155,0.0033419495396589155,0.7198943555445139,0.0033419495396589155,0.12006305792931415,1
60,0.15653767,-0.07276468999999999,0.0033419495396589155,0.0033419495396589155,0.7198943555445139,0.0033419495396589155,0.12006305792931415,1
61,0.15653767,-0.07276468999999999,0.003340903789168474,0.003340903789168474,0.7201204918051318,0.003340903789168474,0.12003228744209136,1
62,0.15653767,-0.07276468999999999,0.003340903789168474,0.003340903789168474,0.7201204918051318,0.003340903789168474,0.12003228744209136,1
63,0.15653767,-0.07276468999999999,0.003340903789168474,0.003340903789168474,0.7201204918051318,0.003340903789168474,0.12003228744209136,1
64,0.15653767,-0.07276468999999999,0.003340903789168474,0.003340903789168474,0.7201204918051318,0.003340903789168474,0.12003228744209136,1
65,0.15653767,-0.07276468999999999,0.003340903789168474,0.003340903789168474,0.7201204918051318,0.003340903789168474,0.12003228744209136,1
66,0.15653767,-0.07276468999999999,0.003340903789168474,0.003340903789168474,0.7201204918051318,0.003340903789168474,0.12003228744209136,1
67,0.15653767,-0.07276468999999999,0.003340903789168474,0.003340903789168474,0.7201204918051318,0.003340903789168474,0.12003228744209136,1
68,0.15653767,-0.07276468999999999,0.003340903789168474,0.003340903789168474,0.7201204918051318,0.003340903789168474,0.12003228744209136,1
69,0.15653767,-0.07276468999999999,0.003340903789168474,0.003340903789168474,0.7201204918051318,0.003340903789168474,0.12003228744209136,1
70,0.15653767,-0.07276468999999999,0.003340903789168474,0.003340903789168474,0.7201204918051318,0.003340903789168474,0.12003228744209136,1
71,0.15653767,-0.07276468999999999,0.003340903789168474,0.003340903789168474,0.7201204918051318,0.003340903789168474,0.12003228744209136,1
72,0.15653767,-0.07276468999999999,0.003340903789168474,0.003340903789168474,0.7201204918051318,0.003340903789168474,0.12003228744209136,1
73,0.15653767,-0.07276468999999999,0.003340903789168474,0.003340903789168474,0.7201204918051318,0.003340903789168474,0.12003228744209136,1
74,0.15653767,-0.07276468999999999,0.003340903789168474,0.003340903789168474,0.7201204918051318,0.003340903789168474,0.12003228744209136,1
75,0.15653767,-0.07276468999999999,0.003339712380250549,0.003339712380250549,0.7198965258636738,0.003339712380250549,0.12001954158806724,1
76,0.15653767,-0.07276468999999999,0.003339712380250549,0.003339712380250549,0.7198965258636738,0.003339712380250549,0.12001954158806724,1
77,0.15653767,-0.07276468999999999,0.003339712380250549,0.003339712380250549,0.7198965258636738,0.003339712380250549,0.12001954158806724,1
78,0.15653767,-0.07276468999999999,0.003339712380250549,0.003339712380250549,0.7198965258636738,0.003339712380250549,0.12001954158806724,1
79,0.15653767,-0.07276468999999999,0.0033396474537421596,0.0033396474537421596,0.7197460813203534,0.0033396474537421596,0.12015625721884042,1
80,0.15653767,-0.07276468999999999,0.0033360404819902105,0.0033360404819902105,0.7196714472301743,0.0033360404819902105,0.12004454753387485,1
81,0.15653767,-0.07276468999999999,0.0033360404819902105,0.0033360404819902105,0.7196714472301743,0.0033360404819902105,0.12004454753387485,1
82,0.15653767,-0.07276468999999999,0.00333544815987813,0.00333544815987813,0.7197425753717327,0.00333544815987813,0.12000948217701925,1
83,0.15653767,-0.07276468999999999,0.00333544815987813,0.00333544815987813,0.7197425753717327,0.00333544815987813,0.12000948217701925,1
84,0.15653767,-0.07276468999999999,0.00333544815987813,0.00333544815987813,0.7197425753717327,0.00333544815987813,0.12000948217701925,1
85,0.15653767,-0.07276468999999999,0.003334928120099985,0.003334928120099985,0.719636358889241,0.003334928120099985,0.1200085399652343,1
86,0.15653767,-0.07276468999999999,0.003334928120099985,0.003334928120099985,0.719636358889241,0.003334928120099985,0.1200085399652343,1
87,0.15653767,-0.07276468999999999,0.003334928120099985,0.003334928120099985,0.719636358889241,0.003334928120099985,0.1200085399652343,1
88,0.15653767,-0.07276468999999999,0.003334928120099985,0.003334928120099985,0.719636358889241,0.003334928120099985,0.1200085399652343,1
89,0.15653767,-0.07276468999999999,0.003334928120099985,0.003334928120099985,0.719636358889241,0.003334928120099985,0.1200085399652343,1
90,0.15653767,-0.07276468999999999,0.003334928120099985,0.003334928120099985,0.719636358889241,0.003334928120099985,0.1200085399652343,1
91,0.15653767,-0.07276468999999999,0.003334928120099985,0.003334928120099985,0.719636358889241,0.003334928120099985,0.1200085399652343,1
92,0.15653767,-0.07276468999999999,0.003334928120099985,0.003334928120099985,0.719636358889241,0.003334928120099985,0.1200085399652343,1
93,0.15653767,-0.07276468999999999,0.003334928120099985,0.003334928120099985,0.719636358889241,0.003334928120099985,0.1200085399652343,1
94,0.15653767,-0.07276468999999999,0.003334928120099985,0.003334928120099985,0.719636358889241,0.003334928120099985,0.1200085399652343,1
95,0.15653767,-0.07276468999999999,0.003334928120099985,0.003334928120099985,0.719636358889241,0.003334928120099985,0.1200085399652343,1
96,0.15653767,-0.07276468999999999,0.003334928120099985,0.003334928120099985,0.719636358889241,0.003334928120099985,0.1200085399652343,1
97,0.15653767,-0.07276468999999999,0.003334928120099985,0.003334928120099985,0.719636358889241,0.003334928120099985,0.1200085399652343,1
98,0.15653767,-0.07276468999999999,0.003334928120099985,0.003334928120099985,0.719636358889241,0.003334928120099985,0.1200085399652343,1
99,0.15653767,-0.07276468999999999,0.003334928120099985,0.003334928120099985,0.719636358889241,0.003334928120099985,0.1200085399652343,1
100,0.15653767,-0.07276468999999999,0.003334928120099985,0.003334928120099985,0.719636358889241,0.003334928120099985,0.1200085399652343,1
101,0.15653767,-0.07276468999999999,0.003334928120099985,0.003334928120099985,0.719636358889241,0.003334928120099985,0.1200085399652343,1
102,0.15653767,-0.07276468999999999,0.003334928120099985,0.003334928120099985,0.719636358889241,0.003334928120099985,0.1200085399652343,1
103,0.15653767,-0.07276468999999999,0.003334928120099985,0.003334928120099985,0.719636358889241,0.003334928120099985,0.1200085399652343,1
104,0.15653767,-0.07276468999999999,0.003334928120099985,0.003334928120099985,0.719636358889241,0.003334928120099985,0.1200085399652343,1
105,0.15653767,-0.07276468999999999,0.003334928120099985,0.003334928120099985,0.719636358889241,0.003334928120099985,0.1200085399652343,1
106,0.15653767,-0.07276468999999999,0.0033349182314397928,0.0033349182314397928,0.7196105130030177,0.0033349182314397928,0.12000563475820986,1
107,0.15653767,-0.07276468999999999,0.0033349182314397928,0.0033349182314397928,0.7196105130030177,0.0033349182314397928,0.12000563475820986,1
108,0.15653767,-0.07276468999999999,0.0033349182314397928,0.0033349182314397928,0.7196105130030177,0.0033349182314397928,0.12000563475820986,1
109,0.15653767,-0.07276468999999999,0.0033349182314397928,0.0033349182314397928,0.7196105130030177,0.0033349182314397928,0.12000563475820986,1
110,0.15653767,-0.07276468999999999,0.0033349182314397928,0.0033349182314397928,0.7196105130030177,0.0033349182314397928,0.12000563475820986,1
111,0.15653767,-0.07276468999999999,0.0033349182314397928,0.0033349182314397928,0.7196105130030177,0.0033349182314397928,0.12000563475820986,1
112,0.15653767,-0.07276468999999999,0.0033349182314397928,0.0033349182314397928,0.7196105130030177,0.0033349182314397928,0.12000563475820986,1
113,0.15653767,-0.07276468999999999,0.0033349182314397928,0.0033349182314397928,0.7196105130030177,0.0033349182314397928,0.12000563475820986,1
114,0.15653767,-0.07276468999999999,0.0033349182314397928,0.0033349182314397928,0.7196105130030177,0.0033349182314397928,0.12000563475820986,1
115,0.15653767,-0.07276468999999999,0.0033349182314397928,0.0033349182314397928,0.7196105130030177,0.0033349182314397928,0.12000563475820986,1
116,0.15653767,-0.07276468999999999,0.0033349182314397928,0.0033349182314397928,0.7196105130030177,0.0033349182314397928,0.12000563475820986,1
117,0.15653767,-0.07276468999999999,0.0033349182314397928,0.0033349182314397928,0.7196105130030177,0.0033349182314397928,0.12000563475820986,1
118,0.15653767,-0.07276468999999999,0.0033349182314397928,0.0033349182314397928,0.7196105130030177,0.0033349182314397928,0.12000563475820986,1
119,0.15653767,-0.07276468999999999,0.0033349182314397928,0.0033349182314397928,0.7196105130030177,0.0033349182314397928,0.12000563475820986,1
120,0.15653767,-0.07276468999999999,0.0033349182314397928,0.0033349182314397928,0.7196105130030177,0.0033349182314397928,0.12000563475820986,1
121,0.15653767,-0.07276468999999999,0.0033349182314397928,0.0033349182314397928,0.7196105130030177,0.0033349182314397928,0.12000563475820986,1
122,0.15653767,-0.07276468999999999,0.0033349182314397928,0.0033349182314397928,0.7196105130030177,0.0033349182314397928,0.12000563475820986,1
123,0.15653767,-0.07276468999999999,0.0033349182314397928,0.0033349182314397928,0.7196105130030177,0.0033349182314397928,0.12000563475820986,1
124,0.15653767,-0.07276468999999999,0.0033346356271417485,0.0033346356271417485,0.7196030232297799,0.0033346356271417485,0.12000552703784952,1
125,0.15653767,-0.07276468999999999,0.0033346356271417485,0.0033346356271417485,0.7196030232297799,0.0033346356271417485,0.12000552703784952,1
126,0.15653767,-0.07276468999999999,0.0033346356271417485,0.0033346356271417485,0.7196030232297799,0.0033346356271417485,0.12000552703784952,1
127,0.15653767,-0.07276468999999999,0.0033346356271417485,0.0033346356271417485,0.7196030232297799,0.0033346356271417485,0.12000552703784952,1
128,0.15653767,-0.07276468999999999,0.0033346356271417485,0.0033346356271417485,0.7196030232297799,0.0033346356271417485,0.12000552703784952,1
129,0.15653767,-0.07276468999999999,0.0033346356271417485,0.0033346356271417485,0.7196030232297799,0.0033346356271417485,0.12000552703784952,1
130,0.15653767,-0.07276468999999999,0.0033346356271417485,0.0033346356271417485,0.7196030232297799,0.0033346356271417485,0.12000552703784952,1
131,0.15653767,-0.07276468999999999,0.0033346356271417485,0.0033346356271417485,0.7196030232297799,0.0033346356271417485,0.12000552703784952,1
132,0.15653767,-0.07276468999999999,0.0033346356271417485,0.0033346356271417485,0.7196030232297799,0.0033346356271417485,0.12000552703784952,1
133,0.15653767,-0.07276468999999999,0.0033346356271417485,0.0033346356271417485,0.7196030232297799,0.0033346356271417485,0.12000552703784952,1
134,0.15653767,-0.07276468999999999,0.0033346356271417485,0.0033346356271417485,0.7196030232297799,0.0033346356271417485,0.12000552703784952,1
135,0.15653767,-0.07276468999999999,0.0033346356271417485,0.0033346356271417485,0.7196030232297799,0.0033346356271417485,0.12000552703784952,1
136,0.15653767,-0.07276468999999999,0.0033346356271417485,0.0033346356271417485,0.7196030232297799,0.0033346356271417485,0.12000552703784952,1
137,0.15653767,-0.07276468999999999,0.0033346356271417485,0.0033346356271417485,0.7196030232297799,0.0033346356271417485,0.12000552703784952,1
138,0.15653767,-0.07276468999999999,0.0033346356271417485,0.0033346356271417485,0.7196030232297799,0.0033346356271417485,0.12000552703784952,1
139,0.15653767,-0.07276468999999999,0.0033346356271417485,0.0033346356271417485,0.7196030232297799,0.0033346356271417485,0.12000552703784952,1
140,0.15653767,-0.07276468999999999,0.0033346356271417485,0.0033346356271417485,0.7196030232297799,0.0033346356271417485,0.12000552703784952,1
141,0.15653767,-0.07276468999999999,0.0033346356271417485,0.0033346356271417485,0.7196030232297799,0.0033346356271417485,0.12000552703784952,1
142,0.15653767,-0.07276468999999999,0.0033346356271417485,0.0033346356271417485,0.7196030232297799,0.0033346356271417485,0.12000552703784952,1
143,0.15653767,-0.07276468999999999,0.0033346356271417485,0.0033346356271417485,0.7196030232297799,0.0033346356271417485,0.12000552703784952,1
144,0.15653767,-0.07276468999999999,0.0033346356271417485,0.0033346356271417485,0.7196030232297799,0.0033346356271417485,0.12000552703784952,1
145,0.15653767,-0.07276468999999999,0.0033346356271417485,0.0033346356271417485,0.7196030232297799,0.0033346356271417485,0.12000552703784952,1
146,0.15653767,-0.07276468999999999,0.0033346356271417485,0.0033346356271417485,0.7196030232297799,0.0033346356271417485,0.12000552703784952,1
147,0.15653767,-0.07276468999999999,0.0033346356271417485,0.0033346356271417485,0.7196030232297799,0.0033346356271417485,0.12000552703784952,1
148,0.15653767,-0.07276468999999999,0.0033346356271417485,0.0033346356271417485,0.7196030232297799,0.0033346356271417485,0.12000552703784952,1
149,0.15653767,-0.07276468999999999,0.0033346356271417485,0.0033346356271417485,0.7196030232297799,0.0033346356271417485,0.12000552703784952,1
150,0.15653767,-0.07276468999999999,0.0033346356271417485,0.0033346356271417485,0.7196030232297799,0.0033346356271417485,0.12000552703784952,1
151,0.15653767,-0.07276468999999999,0.0033346356271417485,0.0033346356271417485,0.7196030232297799,0.0033346356271417485,0.12000552703784952,1
152,0.15653767,-0.07276468999999999,0.0033346356271417485,0.0033346356271417485,0.7196030232297799,0.0033346356271417485,0.12000552703784952,1
153,0.15653767,-0.07276468999999999,0.0033346356271417485,0.0033346356271417485,0.7196030232297799,0.0033346356271417485,0.12000552703784952,1
154,0.15653767,-0.07276468999999999,0.0033346356271417485,0.0033346356271417485,0.7196030232297799,0.0033346356271417485,0.12000552703784952,1
155,0.15653767,-0.07276468999999999,0.0033346356271417485,0.0033346356271417485,0.7196030232297799,0.0033346356271417485,0.12000552703784952,1
156,0.15653767,-0.07276468999999999,0.0033346356271417485,0.0033346356271417485,0.7196030232297799,0.0033346356271417485,0.12000552703784952,1
157,0.15653767,-0.07276468999999999,0.0033346356271417485,0.0033346356271417485,0.7196030232297799,0.0033346356271417485,0.12000552703784952,1
158,0.15653767,-0.07276468999999999,0.0033346356271417485,0.0033346356271417485,0.7196030232297799,0.0033346356271417485,0.12000552703784952,1
159,0.15653767,-0.07276468999999999,0.0033345877892430025,0.0033345877892430025,0.7196018562951563,0.0033345877892430025,0.12000384961731625,1
160,0.15653767,-0.07276468999999999,0.0033345877892430025,0.0033345877892430025,0.7196018562951563,0.0033345877892430025,0.12000384961731625,1
161,0.15653767,-0.07276468999999999,0.0033345877892430025,0.0033345877892430025,0.7196018562951563,0.0033345877892430025,0.12000384961731625,1
162,0.15653767,-0.07276468999999999,0.0033345877892430025,0.0033345877892430025,0.7196018562951563,0.0033345877892430025,0.12000384961731625,1
163,0.15653767,-0.07276468999999999,0.0033345877892430025,0.0033345877892430025,0.7196018562951563,0.0033345877892430025,0.12000384961731625,1
164,0.15653767,-0.07276468999999999,0.0033345877892430025,0.0033345877892430025,0.7196018562951563,0.0033345877892430025,0.12000384961731625,1
165,0.15653767,-0.07276468999999999,0.0033345877892430025,0.0033345877892430025,0.7196018562951563,0.0033345877892430025,0.12000384961731625,1
166,0.15653767,-0.07276468999999999,0.0033345877892430025,0.0033345877892430025,0.7196018562951563,0.0033345877892430025,0.12000384961731625,1
167,0.15653767,-0.07276468999999999,0.0033345877892430025,0.0033345877892430025,0.7196018562951563,0.0033345877892430025,0.12000384961731625,1
168,0.15653767,-0.07276468999999999,0.0033345507252701377,0.0033345507252701377,0.7196073209305159,0.0033345507252701377,0.12000047719324693,1
169,0.15653767,-0.07276468999999999,0.0033345507252701377,0.0033345507252701377,0.7196073209305159,0.0033345507252701377,0.12000047719324693,1
170,0.15653767,-0.07276468999999999,0.003334539840196418,0.003334539840196418,0.7196037380291449,0.003334539840196418,0.12000104539007742,1
171,0.15653767,-0.07276468999999999,0.003334539840196418,0.003334539840196418,0.7196037380291449,0.003334539840196418,0.12000104539007742,1
172,0.15653767,-0.07276468999999999,0.003334539840196418,0.003334539840196418,0.7196037380291449,0.003334539840196418,0.12000104539007742,1
173,0.15653767,-0.07276468999999999,0.003334539840196418,0.003334539840196418,0.7196037380291449,0.003334539840196418,0.12000104539007742,1
174,0.15653767,-0.07276468999999999,0.003334539840196418,0.003334539840196418,0.7196037380291449,0.003334539840196418,0.12000104539007742,1
175,0.15653767,-0.07276468999999999,0.003334532729664359,0.003334532729664359,0.7196007311222631,0.003334532729664359,0.12000168796517757,1
176,0.15653767,-0.07276468999999999,0.003334532729664359,0.003334532729664359,0.7196007311222631,0.003334532729664359,0.12000168796517757,1
177,0.15653767,-0.07276468999999999,0.003334532729664359,0.003334532729664359,0.7196007311222631,0.003334532729664359,0.12000168796517757,1
178,0.15653767,-0.07276468999999999,0.0033345289613757653,0.0033345289613757653,0.7196040584318998,0.0033345289613757653,0.12000054644216016,1
179,0.15653767,-0.07276468999999999,0.0033345289613757653,0.0033345289613757653,0.7196040584318998,0.0033345289613757653,0.12000054644216016,1
180,0.15653767,-0.07276468999999999,0.0033345183783901372,0.0033345183783901372,0.719602247259057,0.0033345183783901372,0.12000050192492182,1
181,0.15653767,-0.07276468999999999,0.0033345183783901372,0.0033345183783901372,0.719602247259057,0.0033345183783901372,0.12000050192492182,1
182,0.15653767,-0.07276468999999999,0.0033345183783901372,0.0033345183783901372,0.719602247259057,0.0033345183783901372,0.12000050192492182,1
183,0.15653767,-0.07276468999999999,0.0033345183783901372,0.0033345183783901372,0.719602247259057,0.0033345183783901372,0.12000050192492182,1
184,0.15653767,-0.07276468999999999,0.0033345183783901372,0.0033345183783901372,0.719602247259057,0.0033345183783901372,0.12000050192492182,1
185,0.15653767,-0.07276468999999999,0.0033345183783901372,0.0033345183783901372,0.719602247259057,0.0033345183783901372,0.12000050192492182,1
186,0.15653767,-0.07276468999999999,0.0033345183783901372,0.0033345183783901372,0.719602247259057,0.0033345183783901372,0.12000050192492182,1
187,0.15653767,-0.07276468999999999,0.0033345183783901372,0.0033345183783901372,0.719602247259057,0.0033345183783901372,0.12000050192492182,1
188,0.15653767,-0.07276468999999999,0.0033345183783901372,0.0033345183783901372,0.719602247259057,0.0033345183783901372,0.12000050192492182,1
189,0.15653767,-0.07276468999999999,0.0033345183783901372,0.0033345183783901372,0.719602247259057,0.0033345183783901372,0.12000050192492182,1
190,0.15653767,-0.07276468999999999,0.0033345183783901372,0.0033345183783901372,0.719602247259057,0.0033345183783901372,0.12000050192492182,1
191,0.15653767,-0.07276468999999999,0.003334510192494257,0.003334510192494257,0.7196007386578568,0.003334510192494257,0.12000031817799474,1
192,0.15653767,-0.07276468999999999,0.003334510192494257,0.003334510192494257,0.7196007386578568,0.003334510192494257,0.12000031817799474,1
193,0.15653767,-0.07276468999999999,0.003334510192494257,0.003334510192494257,0.7196007386578568,0.003334510192494257,0.12000031817799474,1
194,0.15653767,-0.07276468999999999,0.003334510192494257,0.003334510192494257,0.7196007386578568,0.003334510192494257,0.12000031817799474,1
195,0.15653767,-0.07276468999999999,0.003334510192494257,0.003334510192494257,0.7196007386578568,0.003334510192494257,0.12000031817799474,1
196,0.15653767,-0.07276468999999999,0.003334510192494257,0.003334510192494257,0.7196007386578568,0.003334510192494257,0.12000031817799474,1
197,0.15653767,-0.07276468999999999,0.003334510192494257,0.003334510192494257,0.7196007386578568,0.003334510192494257,0.12000031817799474,1
198,0.15653767,-0.07276468999999999,0.003334510192494257,0.003334510192494257,0.7196007386578568,0.003334510192494257,0.12000031817799474,1
199,0.15653767,-0.07276468999999999,0.0033345091860341996,0.0033345091860341996,0.719600537882896,0.0033345091860341996,0.12000033127334496,1
200,0.15653767,-0.07276468999999999,0.0033345083671977634,0.0033345083671977634,0.7196004900613148,0.0033345083671977634,0.12000029666719324,1
201,0.15653767,-0.07276468999999999,0.003334507777644944,0.003334507777644944,0.7196004556283735,0.003334507777644944,0.12000027175084313,1
202,0.15653767,-0.07276468999999999,0.003334507353171842,0.003334507353171842,0.7196004308375793,0.003334507353171842,0.1200002538111474,1
203,0.15653767,-0.07276468999999999,0.003334507047553746,0.003334507047553746,0.7196004129877492,0.003334507047553746,0.12000024089435248,1
204,0.15653767,-0.07276468999999999,0.0033345049219358743,0.0033345049219358743,0.7196007883107424,0.0033345049219358743,0.12000023195735567,1
205,0.15653767,-0.07276468999999999,0.0033345049219358743,0.0033345049219358743,0.7196007883107424,0.0033345049219358743,0.12000023195735567,1
206,0.15653767,-0.07276468999999999,0.0033345049219358743,0.0033345049219358743,0.7196007883107424,0.0033345049219358743,0.12000023195735567,1
207,0.15653767,-0.07276468999999999,0.0033345049219358743,0.0033345049219358743,0.7196007883107424,0.0033345049219358743,0.12000023195735567,1
208,0.15653767,-0.07276468999999999,0.0033345049219358743,0.0033345049219358743,0.7196007883107424,0.0033345049219358743,0.12000023195735567,1
209,0.15653767,-0.07276468999999999,0.0033345049219358743,0.0033345049219358743,0.7196007883107424,0.0033345049219358743,0.12000023195735567,1
210,0.15653767,-0.07276468999999999,0.0033345049219358743,0.0033345049219358743,0.7196007883107424,0.0033345049219358743,0.12000023195735567,1
211,0.15653767,-0.07276468999999999,0.0033345049219358743,0.0033345049219358743,0.7196007883107424,0.0033345049219358743,0.12000023195735567,1
212,0.15653767,-0.07276468999999999,0.0033345049219358743,0.0033345049219358743,0.7196007883107424,0.0033345049219358743,0.12000023195735567,1
213,0.15653767,-0.07276468999999999,0.003334484532563129,0.003334484532563129,0.7196016777674684,0.003334484532563129,0.12000048639863313,1
214,0.15653767,-0.07276468999999999,0.003334484532563129,0.003334484532563129,0.7196016777674684,0.003334484532563129,0.12000048639863313,1
215,0.15653767,-0.07276468999999999,0.003334484532563129,0.003334484532563129,0.7196016777674684,0.003334484532563129,0.12000048639863313,1
216,0.15653767,-0.07276468999999999,0.003334484532563129,0.003334484532563129,0.7196016777674684,0.003334484532563129,0.12000048639863313,1
217,0.15653767,-0.07276468999999999,0.003334484532563129,0.003334484532563129,0.7196016777674684,0.003334484532563129,0.12000048639863313,1
218,0.15653767,-0.07276468999999999,0.003334484532563129,0.003334484532563129,0.7196016777674684,0.003334484532563129,0.12000048639863313,1
219,0.15653767,-0.07276468999999999,0.003334484532563129,0.003334484532563129,0.7196016777674684,0.003334484532563129,0.12000048639863313,1
220,0.15653767,-0.07276468999999999,0.003334484532563129,0.003334484532563129,0.7196016777674684,0.003334484532563129,0.12000048639863313,1
221,0.15653767,-0.07276468999999999,0.003334484532563129,0.003334484532563129,0.7196016777674684,0.003334484532563129,0.12000048639863313,1
222,0.15653767,-0.07276468999999999,0.003334484532563129,0.003334484532563129,0.7196016777674684,0.003334484532563129,0.12000048639863313,1
223,0.15653767,-0.07276468999999999,0.003334484532563129,0.003334484532563129,0.7196016777674684,0.003334484532563129,0.12000048639863313,1
224,0.15653767,-0.07276468999999999,0.003334484532563129,0.003334484532563129,0.7196016777674684,0.003334484532563129,0.12000048639863313,1
225,0.15653767,-0.07276468999999999,0.003334484532563129,0.003334484532563129,0.7196016777674684,0.003334484532563129,0.12000048639863313,1
226,0.15653767,-0.07276468999999999,0.003334484532563129,0.003334484532563129,0.7196016777674684,0.003334484532563129,0.12000048639863313,1
227,0.15653767,-0.07276468999999999,0.003334484532563129,0.003334484532563129,0.7196016777674684,0.003334484532563129,0.12000048639863313,1
228,0.15653767,-0.07276468999999999,0.003334484532563129,0.003334484532563129,0.7196016777674684,0.003334484532563129,0.12000048639863313,1
229,0.15653767,-0.07276468999999999,0.003334484532563129,0.003334484532563129,0.7196016777674684,0.003334484532563129,0.12000048639863313,1
230,0.15653767,-0.07276468999999999,0.003334484532563129,0.003334484532563129,0.7196016777674684,0.003334484532563129,0.12000048639863313,1
231,0.15653767,-0.07276468999999999,0.003334484532563129,0.003334484532563129,0.7196016777674684,0.003334484532563129,0.12000048639863313,1
232,0.15653767,-0.07276468999999999,0.003334484532563129,0.003334484532563129,0.7196016777674684,0.003334484532563129,0.12000048639863313,1
233,0.15653767,-0.07276468999999999,0.003334484532563129,0.003334484532563129,0.7196016777674684,0.003334484532563129,0.12000048639863313,1
234,0.15653767,-0.07276468999999999,0.003334484532563129,0.003334484532563129,0.7196016777674684,0.003334484532563129,0.12000048639863313,1
235,0.15653767,-0.07276468999999999,0.003334484532563129,0.003334484532563129,0.7196016777674684,0.003334484532563129,0.12000048639863313,1
236,0.15653767,-0.07276468999999999,0.003334484532563129,0.003334484532563129,0.7196016777674684,0.003334484532563129,0.12000048639863313,1
237,0.15653767,-0.07276468999999999,0.003334484532563129,0.003334484532563129,0.7196016777674684,0.003334484532563129,0.12000048639863313,1
238,0.15653767,-0.07276468999999999,0.003334484532563129,0.003334484532563129,0.7196016777674684,0.003334484532563129,0.12000048639863313,1
239,0.15653767,-0.07276468999999999,0.003334484532563129,0.003334484532563129,0.7196016777674684,0.003334484532563129,0.12000048639863313,1
240,0.15653767,-0.07276468999999999,0.003334484532563129,0.003334484532563129,0.7196016777674684,0.003334484532563129,0.12000048639863313,1
241,0.15653767,-0.07276468999999999,0.003334484532563129,0.003334484532563129,0.7196016777674684,0.003334484532563129,0.12000048639863313,1
242,0.15653767,-0.07276468999999999,0.003334484532563129,0.003334484532563129,0.7196016777674684,0.003334484532563129,0.12000048639863313,1
243,0.15653767,-0.07276468999999999,0.003334484532563129,0.003334484532563129,0.7196016777674684,0.003334484532563129,0.12000048639863313,1
244,0.15653767,-0.07276468999999999,0.003334484532563129,0.003334484532563129,0.7196016777674684,0.003334484532563129,0.12000048639863313,1
245,0.15653767,-0.07276468999999999,0.003334484532563129,0.003334484532563129,0.7196016777674684,0.003334484532563129,0.12000048639863313,1
246,0.15653767,-0.07276468999999999,0.003334484532563129,0.003334484532563129,0.7196016777674684,0.003334484532563129,0.12000048639863313,1
247,0.15653767,-0.07276468999999999,0.003334484532563129,0.003334484532563129,0.7196016777674684,0.003334484532563129,0.12000048639863313,1
248,0.15653767,-0.07276468999999999,0.003334484532563129,0.003334484532563129,0.7196016777674684,0.003334484532563129,0.12000048639863313,1
249,0.15653767,-0.07276468999999999,0.003334484532563129,0.003334484532563129,0.7196016777674684,0.003334484532563129,0.12000048639863313,1
250,0.15653767,-0.07276468999999999,0.003334484532563129,0.003334484532563129,0.7196016777674684,0.003334484532563129,0.12000048639863313,1
251,0.15653767,-0.07276468999999999,0.003334484532563129,0.003334484532563129,0.7196016777674684,0.003334484532563129,0.12000048639863313,1
252,0.15653767,-0.07276468999999999,0.003334484532563129,0.003334484532563129,0.7196016777674684,0.003334484532563129,0.12000048639863313,1
253,0.15653767,-0.07276468999999999,0.003334484532563129,0.003334484532563129,0.7196016777674684,0.003334484532563129,0.12000048639863313,1
254,0.15653767,-0.07276468999999999,0.003334484532563129,0.003334484532563129,0.7196016777674684,0.003334484532563129,0.12000048639863313,1
255,0.15653767,-0.07276468999999999,0.003334484532563129,0.003334484532563129,0.7196016777674684,0.003334484532563129,0.12000048639863313,1
256,0.15653767,-0.07276468999999999,0.003334484532563129,0.003334484532563129,0.7196016777674684,0.003334484532563129,0.12000048639863313,1
257,0.15653767,-0.07276468999999999,0.003334484532563129,0.003334484532563129,0.7196016777674684,0.003334484532563129,0.12000048639863313,1
258,0.15653767,-0.07276468999999999,0.0033344838095994353,0.0033344838095994353,0.719600958884167,0.0033344838095994353,0.12000044684062335,1
259,0.15653767,-0.07276468999999999,0.0033344838095994353,0.0033344838095994353,0.719600958884167,0.0033344838095994353,0.12000044684062335,1
260,0.15653767,-0.07276468999999999,0.0033344838095994353,0.0033344838095994353,0.719600958884167,0.0033344838095994353,0.12000044684062335,1
261,0.15653767,-0.07276468999999999,0.0033344838095994353,0.0033344838095994353,0.719600958884167,0.0033344838095994353,0.12000044684062335,1
262,0.15653767,-0.07276468999999999,0.0033344838095994353,0.0033344838095994353,0.719600958884167,0.0033344838095994353,0.12000044684062335,1
263,0.15653767,-0.07276468999999999,0.0033344838095994353,0.0033344838095994353,0.719600958884167,0.0033344838095994353,0.12000044684062335,1
264,0.15653767,-0.07276468999999999,0.0033344838095994353,0.0033344838095994353,0.719600958884167,0.0033344838095994353,0.12000044684062335,1
265,0.15653767,-0.07276468999999999,0.0033344838095994353,0.0033344838095994353,0.719600958884167,0.0033344838095994353,0.12000044684062335,1
266,0.15653767,-0.07276468999999999,0.0033344838095994353,0.0033344838095994353,0.719600958884167,0.0033344838095994353,0.12000044684062335,1
267,0.15653767,-0.07276468999999999,0.0033344838095994353,0.0033344838095994353,0.719600958884167,0.0033344838095994353,0.12000044684062335,1
268,0.15653767,-0.07276468999999999,0.0033344838095994353,0.0033344838095994353,0.719600958884167,0.0033344838095994353,0.12000044684062335,1
269,0.15653767,-0.07276468999999999,0.0033344838095994353,0.0033344838095994353,0.719600958884167,0.0033344838095994353,0.12000044684062335,1
270,0.15653767,-0.07276468999999999,0.0033344838095994353,0.0033344838095994353,0.719600958884167,0.0033344838095994353,0.12000044684062335,1
271,0.15653767,-0.07276468999999999,0.003334482811604345,0.003334482811604345,0.7196001796552146,0.003334482811604345,0.12000062618200916,1
272,0.15653767,-0.07276468999999999,0.003334482811604345,0.003334482811604345,0.7196001796552146,0.003334482811604345,0.12000062618200916,1
273,0.15653767,-0.07276468999999999,0.003334482811604345,0.003334482811604345,0.7196001796552146,0.003334482811604345,0.12000062618200916,1
274,0.15653767,-0.07276468999999999,0.003334482811604345,0.003334482811604345,0.7196001796552146,0.003334482811604345,0.12000062618200916,1
275,0.15653767,-0.07276468999999999,0.003334482811604345,0.003334482811604345,0.7196001796552146,0.003334482811604345,0.12000062618200916,1
276,0.15653767,-0.07276468999999999,0.003334239538182517,0.003334239538182517,0.7196606691518189,0.003334239538182517,0.12000054306877668,1
277,0.15653767,-0.07276468999999999,0.003334239538182517,0.003334239538182517,0.7196606691518189,0.003334239538182517,0.12000054306877668,1
278,0.15653767,-0.07276468999999999,0.003334239538182517,0.003334239538182517,0.7196606691518189,0.003334239538182517,0.12000054306877668,1
279,0.15653767,-0.07276468999999999,0.003334239538182517,0.003334239538182517,0.7196606691518189,0.003334239538182517,0.12000054306877668,1
280,0.15653767,-0.07276468999999999,0.003334239538182517,0.003334239538182517,0.7196606691518189,0.003334239538182517,0.12000054306877668,1
281,0.15653767,-0.07276468999999999,0.003334239538182517,0.003334239538182517,0.7196606691518189,0.003334239538182517,0.12000054306877668,1
282,0.15653767,-0.07276468999999999,0.003334239538182517,0.003334239538182517,0.7196606691518189,0.003334239538182517,0.12000054306877668,1
283,0.15653767,-0.07276468999999999,0.003334239538182517,0.003334239538182517,0.7196606691518189,0.003334239538182517,0.12000054306877668,1
284,0.15653767,-0.07276468999999999,0.003334239538182517,0.003334239538182517,0.7196606691518189,0.003334239538182517,0.12000054306877668,1
285,0.15653767,-0.07276468999999999,0.003334239538182517,0.003334239538182517,0.7196606691518189,0.003334239538182517,0.12000054306877668,1
286,0.15653767,-0.07276468999999999,0.003334239538182517,0.003334239538182517,0.7196606691518189,0.003334239538182517,0.12000054306877668,1
287,0.15653767,-0.07276468999999999,0.003334239538182517,0.003334239538182517,0.7196606691518189,0.003334239538182517,0.12000054306877668,1
288,0.15653767,-0.07276468999999999,0.0033341541937942205,0.0033341541937942205,0.7196364949901244,0.0033341541937942205,0.12000107305593724,1
289,0.15653767,-0.07276468999999999,0.0033341541937942205,0.0033341541937942205,0.7196364949901244,0.0033341541937942205,0.12000107305593724,1
290,0.15653767,-0.07276468999999999,0.0033341541937942205,0.0033341541937942205,0.7196364949901244,0.0033341541937942205,0.12000107305593724,1
291,0.15653767,-0.07276468999999999,0.0033341541937942205,0.0033341541937942205,0.7196364949901244,0.0033341541937942205,0.12000107305593724,1
292,0.15653767,-0.07276468999999999,0.0033341541937942205,0.0033341541937942205,0.7196364949901244,0.0033341541937942205,0.12000107305593724,1
293,0.15653767,-0.07276468999999999,0.0033341531494111352,0.0033341531494111352,0.7196326267895419,0.0033341531494111352,0.12000139800185256,1
294,0.15653767,-0.07276468999999999,0.0033341531494111352,0.0033341531494111352,0.7196326267895419,0.0033341531494111352,0.12000139800185256,1
295,0.15653767,-0.07276468999999999,0.0033341531494111352,0.0033341531494111352,0.7196326267895419,0.0033341531494111352,0.12000139800185256,1
296,0.15653767,-0.07276468999999999,0.0033341531494111352,0.0033341531494111352,0.7196326267895419,0.0033341531494111352,0.12000139800185256,1
297,0.15653767,-0.07276468999999999,0.0033341531494111352,0.0033341531494111352,0.7196326267895419,0.0033341531494111352,0.12000139800185256,1
298,0.15653767,-0.07276468999999999,0.0033341531494111352,0.0033341531494111352,0.7196326267895419,0.0033341531494111352,0.12000139800185256,1
299,0.15653767,-0.07276468999999999,0.0033341531494111352,0.0033341531494111352,0.7196326267895419,0.0033341531494111352,0.12000139800185256,1
300,0.15653767,-0.07276468999999999,0.0033341531494111352,0.0033341531494111352,0.7196326267895419,0.0033341531494111352,0.12000139800185256,1
301,0.15653767,-0.07276468999999999,0.0033341531494111352,0.0033341531494111352,0.7196326267895419,0.0033341531494111352,0.12000139800185256,1
302,0.15653767,-0.07276468999999999,0.0033341531494111352,0.0033341531494111352,0.7196326267895419,0.0033341531494111352,0.12000139800185256,1
303,0.15653767,-0.07276468999999999,0.0033341531494111352,0.0033341531494111352,0.7196326267895419,0.0033341531494111352,0.12000139800185256,1
304,0.15653767,-0.07276468999999999,0.0033341531494111352,0.0033341531494111352,0.7196326267895419,0.0033341531494111352,0.12000139800185256,1
305,0.15653767,-0.07276468999999999,0.0033341531494111352,0.0033341531494111352,0.7196326267895419,0.0033341531494111352,0.12000139800185256,1
306,0.15653767,-0.07276468999999999,0.0033341531494111352,0.0033341531494111352,0.7196326267895419,0.0033341531494111352,0.12000139800185256,1
307,0.15653767,-0.07276468999999999,0.0033341531494111352,0.0033341531494111352,0.7196326267895419,0.0033341531494111352,0.12000139800185256,1
308,0.15653767,-0.07276468999999999,0.0033341521382970365,0.0033341521382970365,0.7196496697700043,0.0033341521382970365,0.1200015638602177,1
309,0.15653767,-0.07276468999999999,0.0033341521382970365,0.0033341521382970365,0.7196496697700043,0.0033341521382970365,0.1200015638602177,1
310,0.15653767,-0.07276468999999999,0.0033341521382970365,0.0033341521382970365,0.7196496697700043,0.0033341521382970365,0.1200015638602177,1
311,0.15653767,-0.07276468999999999,0.0033341521382970365,0.0033341521382970365,0.7196496697700043,0.0033341521382970365,0.1200015638602177,1
312,0.15653767,-0.07276468999999999,0.0033341521382970365,0.0033341521382970365,0.7196496697700043,0.0033341521382970365,0.1200015638602177,1
313,0.15653767,-0.07276468999999999,0.0033341521382970365,0.0033341521382970365,0.7196496697700043,0.0033341521382970365,0.1200015638602177,1
314,0.15653767,-0.07276468999999999,0.0033341521382970365,0.0033341521382970365,0.7196496697700043,0.0033341521382970365,0.1200015638602177,1
315,0.15653767,-0.07276468999999999,0.0033341521382970365,0.0033341521382970365,0.7196496697700043,0.0033341521382970365,0.1200015638602177,1
316,0.15653767,-0.07276468999999999,0.0033341521382970365,0.0033341521382970365,0.7196496697700043,0.0033341521382970365,0.1200015638602177,1
317,0.15653767,-0.07276468999999999,0.0033341521382970365,0.0033341521382970365,0.7196496697700043,0.0033341521382970365,0.1200015638602177,1
318,0.15653767,-0.07276468999999999,0.0033341521382970365,0.0033341521382970365,0.7196496697700043,0.0033341521382970365,0.1200015638602177,1
319,0.15653767,-0.07276468999999999,0.0033341521382970365,0.0033341521382970365,0.7196496697700043,0.0033341521382970365,0.1200015638602177,1
320,0.15653767,-0.07276468999999999,0.0033341521382970365,0.0033341521382970365,0.7196496697700043,0.0033341521382970365,0.1200015638602177,1
321,0.15653767,-0.07276468999999999,0.0033341521382970365,0.0033341521382970365,0.7196496697700043,0.0033341521382970365,0.1200015638602177,1
322,0.15653767,-0.07276468999999999,0.0033341521382970365,0.0033341521382970365,0.7196496697700043,0.0033341521382970365,0.1200015638602177,1
323,0.15653767,-0.07276468999999999,0.0033341521382970365,0.0033341521382970365,0.7196496697700043,0.0033341521382970365,0.1200015638602177,1
324,0.15653767,-0.07276468999999999,0.0033341521382970365,0.0033341521382970365,0.7196496697700043,0.0033341521382970365,0.1200015638602177,1
325,0.15653767,-0.07276468999999999,0.0033341521382970365,0.0033341521382970365,0.7196496697700043,0.0033341521382970365,0.1200015638602177,1
326,0.15653767,-0.07276468999999999,0.0033341521382970365,0.0033341521382970365,0.7196496697700043,0.0033341521382970365,0.1200015638602177,1
327,0.15653767,-0.07276468999999999,0.0033341521382970365,0.0033341521382970365,0.7196496697700043,0.0033341521382970365,0.1200015638602177,1
328,0.15653767,-0.07276468999999999,0.0033341521382970365,0.0033341521382970365,0.7196496697700043,0.0033341521382970365,0.1200015638602177,1
329,0.15653767,-0.07276468999999999,0.0033341521382970365,0.0033341521382970365,0.7196496697700043,0.0033341521382970365,0.1200015638602177,1
330,0.15653767,-0.07276468999999999,0.0033341521382970365,0.0033341521382970365,0.7196496697700043,0.0033341521382970365,0.1200015638602177,1
331,0.15653767,-0.07276468999999999,0.0033341521382970365,0.0033341521382970365,0.7196496697700043,0.0033341521382970365,0.1200015638602177,1
332,0.15653767,-0.07276468999999999,0.0033341521382970365,0.0033341521382970365,0.7196496697700043,0.0033341521382970365,0.1200015638602177,1
333,0.15653767,-0.07276468999999999,0.0033341521382970365,0.0033341521382970365,0.7196496697700043,0.0033341521382970365,0.1200015638602177,1
334,0.15653767,-0.07276468999999999,0.0033341521382970365,0.0033341521382970365,0.7196496697700043,0.0033341521382970365,0.1200015638602177,1
335,0.15653767,-0.07276468999999999,0.0033341521382970365,0.0033341521382970365,0.7196496697700043,0.0033341521382970365,0.1200015638602177,1
336,0.15653767,-0.07276468999999999,0.0033341521382970365,0.0033341521382970365,0.7196496697700043,0.0033341521382970365,0.1200015638602177,1
337,0.15653767,-0.07276468999999999,0.0033341521382970365,0.0033341521382970365,0.7196496697700043,0.0033341521382970365,0.1200015638602177,1
338,0.15653767,-0.07276468999999999,0.003334128144848897,0.003334128144848897,0.719599948073846,0.0033341011815941598,0.12000546837002811,0
339,0.15653767,-0.07276468999999999,0.003334128144848897,0.003334128144848897,0.719599948073846,0.0033341011815941598,0.12000546837002811,0
340,0.15653767,-0.07276468999999999,0.003334128144848897,0.003334128144848897,0.719599948073846,0.0033341011815941598,0.12000546837002811,0
341,0.15653767,-0.07276468999999999,0.0033339922530123663,0.0033339922530123663,0.7196053602802083,0.0033339922530123663,0.12000576701123723,1
342,0.15653767,-0.07276468999999999,0.0033339922530123663,0.0033339922530123663,0.7196053602802083,0.0033339922530123663,0.12000576701123723,1
343,0.15653767,-0.07276468999999999,0.0033339922530123663,0.0033339922530123663,0.7196053602802083,0.0033339922530123663,0.12000576701123723,1
344,0.15653767,-0.07276468999999999,0.0033339922530123663,0.0033339922530123663,0.7196053602802083,0.0033339922530123663,0.12000576701123723,1
345,0.15653767,-0.07276468999999999,0.0033339922530123663,0.0033339922530123663,0.7196053602802083,0.0033339922530123663,0.12000576701123723,1
346,0.15653767,-0.07276468999999999,0.0033339922530123663,0.0033339922530123663,0.7196053602802083,0.0033339922530123663,0.12000576701123723,1
347,0.15653767,-0.07276468999999999,0.0033339922530123663,0.0033339922530123663,0.7196053602802083,0.0033339922530123663,0.12000576701123723,1
348,0.15653767,-0.07276468999999999,0.0033339922530123663,0.0033339922530123663,0.7196053602802083,0.0033339922530123663,0.12000576701123723,1
349,0.15653767,-0.07276468999999999,0.0033339922530123663,0.0033339922530123663,0.7196053602802083,0.0033339922530123663,0.12000576701123723,1
350,0.15653767,-0.07276468999999999,0.0033339922530123663,0.0033339922530123663,0.7196053602802083,0.0033339922530123663,0.12000576701123723,1
351,0.15653767,-0.07276468999999999,0.0033339922530123663,0.0033339922530123663,0.7196053602802083,0.0033339922530123663,0.12000576701123723,1
352,0.15653767,-0.07276468999999999,0.0033339922530123663,0.0033339922530123663,0.7196053602802083,0.0033339922530123663,0.12000576701123723,1
353,0.15653767,-0.07276468999999999,0.0033339922530123663,0.0033339922530123663,0.7196053602802083,0.0033339922530123663,0.12000576701123723,1
354,0.15653767,-0.07276468999999999,0.0033339922530123663,0.0033339922530123663,0.7196053602802083,0.0033339922530123663,0.12000576701123723,1
355,0.15653767,-0.07276468999999999,0.0033339922530123663,0.0033339922530123663,0.7196053602802083,0.0033339922530123663,0.12000576701123723,1
356,0.15653767,-0.07276468999999999,0.0033339922530123663,0.0033339922530123663,0.7196053602802083,0.0033339922530123663,0.12000576701123723,1
357,0.15653767,-0.07276468999999999,0.0033339657632253977,0.0033339657632253977,0.7196109841162461,0.0033339657632253977,0.12000308444478137,1
358,0.15653767,-0.07276468999999999,0.0033339657632253977,0.0033339657632253977,0.7196109841162461,0.0033339657632253977,0.12000308444478137,1
359,0.15653767,-0.07276468999999999,0.0033339657632253977,0.0033339657632253977,0.7196109841162461,0.0033339657632253977,0.12000308444478137,1
360,0.15653767,-0.07276468999999999,0.0033339657632253977,0.0033339657632253977,0.7196109841162461,0.0033339657632253977,0.12000308444478137,1
361,0.15653767,-0.07276468999999999,0.0033339657632253977,0.0033339657632253977,0.7196109841162461,0.0033339657632253977,0.12000308444478137,1
362,0.15653767,-0.07276468999999999,0.0033339616943598212,0.0033339616943598212,0.7196119356810083,0.0033339616943598212,0.12000197542431418,1
363,0.15653767,-0.07276468999999999,0.0033339616943598212,0.0033339616943598212,0.7196119356810083,0.0033339616943598212,0.12000197542431418,1
364,0.15653767,-0.07276468999999999,0.0033339616943598212,0.0033339616943598212,0.7196119356810083,0.0033339616943598212,0.12000197542431418,1
365,0.15653767,-0.07276468999999999,0.0033339616943598212,0.0033339616943598212,0.7196119356810083,0.0033339616943598212,0.12000197542431418,1
366,0.15653767,-0.07276468999999999,0.0033339616943598212,0.0033339616943598212,0.7196119356810083,0.0033339616943598212,0.12000197542431418,1
367,0.15653767,-0.07276468999999999,0.0033339616943598212,0.0033339616943598212,0.7196119356810083,0.0033339616943598212,0.12000197542431418,1
368,0.15653767,-0.07276468999999999,0.0033339616943598212,0.0033339616943598212,0.7196119356810083,0.0033339616943598212,0.12000197542431418,1
369,0.15653767,-0.07276468999999999,0.0033339616943598212,0.0033339616943598212,0.7196119356810083,0.0033339616943598212,0.12000197542431418,1
370,0.15653767,-0.07276468999999999,0.0033339616943598212,0.0033339616943598212,0.7196119356810083,0.0033339616943598212,0.12000197542431418,1
371,0.15653767,-0.07276468999999999,0.0033339616943598212,0.0033339616943598212,0.7196119356810083,0.0033339616943598212,0.12000197542431418,1
372,0.15653767,-0.07276468999999999,0.0033339552552665696,0.0033339552552665696,0.7196168024695232,0.0033339552552665696,0.12000088186064216,1
373,0.15653767,-0.07276468999999999,0.003333950301690497,0.003333950301690497,0.7196174367602096,0.003333950301690497,0.12000055835988867,1
374,0.15653767,-0.07276468999999999,0.0033339467435190197,0.0033339467435190197,0.719617893447928,0.0033339467435190197,0.12000032545537392,1
375,0.15653767,-0.07276468999999999,0.003333944185991799,0.003333944185991799,0.7196182222633046,0.003333944185991799,0.12000015777191564,1
376,0.15653767,-0.07276468999999999,0.003333942346830515,0.003333942346830515,0.719618459010263,0.003333942346830515,0.1200000370443733,1
377,0.15653767,-0.07276468999999999,0.003333942346830515,0.003333942346830515,0.719618459010263,0.003333942346830515,0.1200000370443733,1
378,0.15653767,-0.07276468999999999,0.003333942145091483,0.003333942145091483,0.7196179601205642,0.003333942145091483,0.12000011982483018,1
379,0.15653767,-0.07276468999999999,0.003333942145091483,0.003333942145091483,0.7196179601205642,0.003333942145091483,0.12000011982483018,1
380,0.15653767,-0.07276468999999999,0.003333942145091483,0.003333942145091483,0.7196179601205642,0.003333942145091483,0.12000011982483018,1
381,0.15653767,-0.07276468999999999,0.003333942145091483,0.003333942145091483,0.7196179601205642,0.003333942145091483,0.12000011982483018,1
382,0.15653767,-0.07276468999999999,0.003333940911023939,0.003333940911023939,0.7196183229107395,0.0033339408865223647,0.11999999843470212,0
383,0.15653767,-0.07276468999999999,0.00333394082471835,0.00333394082471835,0.7196182071865707,0.00333394082471835,0.1200000162985511,1
384,0.15653767,-0.07276468999999999,0.003333940780243142,0.003333940780243142,0.7196181238640705,0.003333940780243142,0.12000002916044417,1
385,0.15653767,-0.07276468999999999,0.0033339407482332615,0.0033339407482332615,0.7196180638717677,0.0033339407482332615,0.12000003842115686,1
386,0.15653767,-0.07276468999999999,0.0033339407251924674,0.0033339407251924674,0.7196180206774339,0.0033339407251924674,0.12000004508896697,1
387,0.15653767,-0.07276468999999999,0.0033339407086064045,0.0033339407086064045,0.719617989577527,0.0033339407086064045,0.12000004988955619,1
388,0.15653767,-0.07276468999999999,0.0033339406966661467,0.0033339406966661467,0.7196179671855651,0.0033339406966661467,0.12000005334600058,1
389,0.15653767,-0.07276468999999999,0.003333940688070037,0.003333940688070037,0.719617951063279,0.003333940688070037,0.12000005583493704,1
390,0.15653767,-0.07276468999999999,0.0033339406818813093,0.0033339406818813093,0.7196179394554743,0.0033339406818813093,0.12000005762660285,1
391,0.15653767,-0.07276468999999999,0.0033339406774256473,0.0033339406774256473,0.719617931097893,0.0033339406774256473,0.12000005891694707,1
392,0.15653767,-0.07276468999999999,0.0033339406742177065,0.0033339406742177065,0.7196179250802002,0.0033339406742177065,0.12000005984580368,1
393,0.15653767,-0.07276468999999999,0.0033339406719080475,0.0033339406719080475,0.7196179207473468,0.0033339406719080475,0.12000006051463998,1
394,0.15653767,-0.07276468999999999,0.0033339145577569625,0.0033339145577569625,0.719602802292352,0.0033339145577569625,0.12000040432778006,1
395,0.15653767,-0.07276468999999999,0.0033339145577569625,0.0033339145577569625,0.719602802292352,0.0033339145577569625,0.12000040432778006,1
396,0.15653767,-0.07276468999999999,0.0033339145577569625,0.0033339145577569625,0.719602802292352,0.0033339145577569625,0.12000040432778006,1
397,0.15653767,-0.07276468999999999,0.0033339145577569625,0.0033339145577569625,0.719602802292352,0.0033339145577569625,0.12000040432778006,1
398,0.15653767,-0.07276468999999999,0.0033339145577569625,0.0033339145577569625,0.719602802292352,0.0033339145577569625,0.12000040432778006,1
399,0.15653767,-0.07276468999999999,0.0033339145577569625,0.0033339145577569625,0.719602802292352,0.0033339145577569625,0.12000040432778006,1
400,0.15653767,-0.07276468999999999,0.0033339145577569625,0.0033339145577569625,0.719602802292352,0.0033339145577569625,0.12000040432778006,1
401,0.15653767,-0.07276468999999999,0.003333902219442094,0.003333902219442094,0.7196020148198428,0.003333902219442094,0.12000290095942383,1
402,0.15653767,-0.07276468999999999,0.003333902219442094,0.003333902219442094,0.7196020148198428,0.003333902219442094,0.12000290095942383,1
403,0.15653767,-0.07276468999999999,0.003333902219442094,0.003333902219442094,0.7196020148198428,0.003333902219442094,0.12000290095942383,1
404,0.15653767,-0.07276468999999999,0.003333902219442094,0.003333902219442094,0.7196020148198428,0.003333902219442094,0.12000290095942383,1
405,0.15653767,-0.07276468999999999,0.003333902219442094,0.003333902219442094,0.7196020148198428,0.003333902219442094,0.12000290095942383,1
406,0.15653767,-0.07276468999999999,0.003333902219442094,0.003333902219442094,0.7196020148198428,0.003333902219442094,0.12000290095942383,1
407,0.15653767,-0.07276468999999999,0.003333902219442094,0.003333902219442094,0.7196020148198428,0.003333902219442094,0.12000290095942383,1
408,0.15653767,-0.07276468999999999,0.003333902219442094,0.003333902219442094,0.7196020148198428,0.003333902219442094,0.12000290095942383,1
409,0.15653767,-0.07276468999999999,0.003333902219442094,0.003333902219442094,0.7196020148198428,0.003333902219442094,0.12000290095942383,1
410,0.15653767,-0.07276468999999999,0.003333902219442094,0.003333902219442094,0.7196020148198428,0.003333902219442094,0.12000290095942383,1
411,0.15653767,-0.07276468999999999,0.003333902219442094,0.003333902219442094,0.7196020148198428,0.003333902219442094,0.12000290095942383,1
412,0.15653767,-0.07276468999999999,0.003333902219442094,0.003333902219442094,0.7196020148198428,0.003333902219442094,0.12000290095942383,1
413,0.15653767,-0.07276468999999999,0.003333902219442094,0.003333902219442094,0.7196020148198428,0.003333902219442094,0.12000290095942383,1
414,0.15653767,-0.07276468999999999,0.003333902219442094,0.003333902219442094,0.7196020148198428,0.003333902219442094,0.12000290095942383,1
415,0.15653767,-0.07276468999999999,0.003333902219442094,0.003333902219442094,0.7196020148198428,0.003333902219442094,0.12000290095942383,1
416,0.15653767,-0.07276468999999999,0.003333902219442094,0.003333902219442094,0.7196020148198428,0.003333902219442094,0.12000290095942383,1
417,0.15653767,-0.07276468999999999,0.003333902219442094,0.003333902219442094,0.7196020148198428,0.003333902219442094,0.12000290095942383,1
418,0.15653767,-0.07276468999999999,0.003333902219442094,0.003333902219442094,0.7196020148198428,0.003333902219442094,0.12000290095942383,1
419,0.15653767,-0.07276468999999999,0.003333902219442094,0.003333902219442094,0.7196020148198428,0.003333902219442094,0.12000290095942383,1
420,0.15653767,-0.07276468999999999,0.003333902219442094,0.003333902219442094,0.7196020148198428,0.003333902219442094,0.12000290095942383,1
421,0.15653767,-0.07276468999999999,0.003333902219442094,0.003333902219442094,0.7196020148198428,0.003333902219442094,0.12000290095942383,1
422,0.15653767,-0.07276468999999999,0.003333902219442094,0.003333902219442094,0.7196020148198428,0.003333902219442094,0.12000290095942383,1
423,0.15653767,-0.07276468999999999,0.003333902219442094,0.003333902219442094,0.7196020148198428,0.003333902219442094,0.12000290095942383,1
424,0.15653767,-0.07276468999999999,0.003333902219442094,0.003333902219442094,0.7196020148198428,0.003333902219442094,0.12000290095942383,1
425,0.15653767,-0.07276468999999999,0.003333902219442094,0.003333902219442094,0.7196020148198428,0.003333902219442094,0.12000290095942383,1
426,0.15653767,-0.07276468999999999,0.003333902219442094,0.003333902219442094,0.7196020148198428,0.003333902219442094,0.12000290095942383,1
427,0.15653767,-0.07276468999999999,0.003333902219442094,0.003333902219442094,0.7196020148198428,0.003333902219442094,0.12000290095942383,1
428,0.15653767,-0.07276468999999999,0.003333902219442094,0.003333902219442094,0.7196020148198428,0.003333902219442094,0.12000290095942383,1
429,0.15653767,-0.07276468999999999,0.003333902219442094,0.003333902219442094,0.7196020148198428,0.003333902219442094,0.12000290095942383,1
430,0.15653767,-0.07276468999999999,0.003333902219442094,0.003333902219442094,0.7196020148198428,0.003333902219442094,0.12000290095942383,1
431,0.15653767,-0.07276468999999999,0.003333902219442094,0.003333902219442094,0.7196020148198428,0.003333902219442094,0.12000290095942383,1
432,0.15653767,-0.07276468999999999,0.003333902219442094,0.003333902219442094,0.7196020148198428,0.003333902219442094,0.12000290095942383,1
433,0.15653767,-0.07276468999999999,0.0033338924640733156,0.0033338924640733156,0.7196000133865799,0.0033338924640733156,0.12000290316165783,1
434,0.15653767,-0.07276468999999999,0.0033338924640733156,0.0033338924640733156,0.7196000133865799,0.0033338924640733156,0.12000290316165783,1
435,0.15653767,-0.07276468999999999,0.0033338924640733156,0.0033338924640733156,0.7196000133865799,0.0033338924640733156,0.12000290316165783,1
436,0.15653767,-0.07276468999999999,0.0033338924640733156,0.0033338924640733156,0.7196000133865799,0.0033338924640733156,0.12000290316165783,1
437,0.15653767,-0.07276468999999999,0.0033338924640733156,0.0033338924640733156,0.7196000133865799,0.0033338924640733156,0.12000290316165783,1
438,0.15653767,-0.07276468999999999,0.0033338924640733156,0.0033338924640733156,0.7196000133865799,0.0033338924640733156,0.12000290316165783,1
439,0.15653767,-0.07276468999999999,0.0033338924640733156,0.0033338924640733156,0.7196000133865799,0.0033338924640733156,0.12000290316165783,1
440,0.15653767,-0.07276468999999999,0.0033338924640733156,0.0033338924640733156,0.7196000133865799,0.0033338924640733156,0.12000290316165783,1
441,0.15653767,-0.07276468999999999,0.0033338924640733156,0.0033338924640733156,0.7196000133865799,0.0033338924640733156,0.12000290316165783,1
442,0.15653767,-0.07276468999999999,0.0033338924640733156,0.0033338924640733156,0.7196000133865799,0.0033338924640733156,0.12000290316165783,1
443,0.15653767,-0.07276468999999999,0.003333888464062217,0.003333888464062217,0.7196024311364178,0.003333888464062217,0.1200022858579955,1
444,0.15653767,-0.07276468999999999,0.003333888464062217,0.003333888464062217,0.7196024311364178,0.003333888464062217,0.1200022858579955,1
445,0.15653767,-0.07276468999999999,0.003333888464062217,0.003333888464062217,0.7196024311364178,0.003333888464062217,0.1200022858579955,1
446,0.15653767,-0.07276468999999999,0.003333888464062217,0.003333888464062217,0.7196024311364178,0.003333888464062217,0.1200022858579955,1
447,0.15653767,-0.07276468999999999,0.003333888464062217,0.003333888464062217,0.7196024311364178,0.003333888464062217,0.1200022858579955,1
448,0.15653767,-0.07276468999999999,0.003333888464062217,0.003333888464062217,0.7196024311364178,0.003333888464062217,0.1200022858579955,1
449,0.15653767,-0.07276468999999999,0.003333881120828568,0.003333881120828568,0.7196012633876441,0.003333881120828568,0.12000219168586564,1
450,0.15653767,-0.07276468999999999,0.003333881120828568,0.003333881120828568,0.7196012633876441,0.003333881120828568,0.12000219168586564,1
451,0.15653767,-0.07276468999999999,0.003333881120828568,0.003333881120828568,0.7196012633876441,0.003333881120828568,0.12000219168586564,1
452,0.15653767,-0.07276468999999999,0.0033338804721302273,0.0033338804721302273,0.7196021261535355,0.0033338804721302273,0.12000199198517315,1
453,0.15653767,-0.07276468999999999,0.0033338804721302273,0.0033338804721302273,0.7196021261535355,0.0033338804721302273,0.12000199198517315,1
454,0.15653767,-0.07276468999999999,0.003333876405493954,0.003333876405493954,0.719600171210161,0.003333876405493954,0.12000218585102111,1
455,0.15653767,-0.07276468999999999,0.003333876405493954,0.003333876405493954,0.719600171210161,0.003333876405493954,0.12000218585102111,1
456,0.15653767,-0.07276468999999999,0.003333876405493954,0.003333876405493954,0.719600171210161,0.003333876405493954,0.12000218585102111,1
457,0.15653767,-0.07276468999999999,0.003333876405493954,0.003333876405493954,0.719600171210161,0.003333876405493954,0.12000218585102111,1
458,0.15653767,-0.07276468999999999,0.003333876405493954,0.003333876405493954,0.719600171210161,0.003333876405493954,0.12000218585102111,1
459,0.15653767,-0.07276468999999999,0.003333876405493954,0.003333876405493954,0.719600171210161,0.003333876405493954,0.12000218585102111,1
460,0.15653767,-0.07276468999999999,0.003333876405493954,0.003333876405493954,0.719600171210161,0.003333876405493954,0.12000218585102111,1
461,0.15653767,-0.07276468999999999,0.003333876405493954,0.003333876405493954,0.719600171210161,0.003333876405493954,0.12000218585102111,1
462,0.15653767,-0.07276468999999999,0.003333876405493954,0.003333876405493954,0.719600171210161,0.003333876405493954,0.12000218585102111,1
463,0.15653767,-0.07276468999999999,0.003333876405493954,0.003333876405493954,0.719600171210161,0.003333876405493954,0.12000218585102111,1
464,0.15653767,-0.07276468999999999,0.003333876405493954,0.003333876405493954,0.719600171210161,0.003333876405493954,0.12000218585102111,1
465,0.15653767,-0.07276468999999999,0.003333876405493954,0.003333876405493954,0.719600171210161,0.003333876405493954,0.12000218585102111,1
466,0.15653767,-0.07276468999999999,0.003333876405493954,0.003333876405493954,0.719600171210161,0.003333876405493954,0.12000218585102111,1
467,0.15653767,-0.07276468999999999,0.003333876405493954,0.003333876405493954,0.719600171210161,0.003333876405493954,0.12000218585102111,1
468,0.15653767,-0.07276468999999999,0.0033338472864762234,0.0033338472864762234,0.7196013889023495,0.0033338472864762234,0.120000644927846,1
469,0.15653767,-0.07276468999999999,0.0033338472864762234,0.0033338472864762234,0.7196013889023495,0.0033338472864762234,0.120000644927846,1
470,0.15653767,-0.07276468999999999,0.0033338472864762234,0.0033338472864762234,0.7196013889023495,0.0033338472864762234,0.120000644927846,1
471,0.15653767,-0.07276468999999999,0.0033338348751032173,0.0033338348751032173,0.7196000776642156,0.0033338348751032173,0.12000023594728909,1
472,0.15653767,-0.07276468999999999,0.0033338348751032173,0.0033338348751032173,0.7196000776642156,0.0033338348751032173,0.12000023594728909,1
473,0.15653767,-0.07276468999999999,0.0033338348751032173,0.0033338348751032173,0.7196000776642156,0.0033338348751032173,0.12000023594728909,1
474,0.15653767,-0.07276468999999999,0.0033338348751032173,0.0033338348751032173,0.7196000776642156,0.0033338348751032173,0.12000023594728909,1
475,0.15653767,-0.07276468999999999,0.0033338348751032173,0.0033338348751032173,0.7196000776642156,0.0033338348751032173,0.12000023594728909,1
476,0.15653767,-0.07276468999999999,0.0033338348751032173,0.0033338348751032173,0.7196000776642156,0.0033338348751032173,0.12000023594728909,1
477,0.15653767,-0.07276468999999999,0.0033338348751032173,0.0033338348751032173,0.7196000776642156,0.0033338348751032173,0.12000023594728909,1
478,0.15653767,-0.07276468999999999,0.0033338340914801402,0.0033338340914801402,0.7196004080761557,0.0033338340914801402,0.12000014265191145,1
479,0.15653767,-0.07276468999999999,0.0033338340914801402,0.0033338340914801402,0.7196004080761557,0.0033338340914801402,0.12000014265191145,1
480,0.15653767,-0.07276468999999999,0.0033338340914801402,0.0033338340914801402,0.7196004080761557,0.0033338340914801402,0.12000014265191145,1
481,0.15653767,-0.07276468999999999,0.0033338340914801402,0.0033338340914801402,0.7196004080761557,0.0033338340914801402,0.12000014265191145,1
482,0.15653767,-0.07276468999999999,0.0033338340914801402,0.0033338340914801402,0.7196004080761557,0.0033338340914801402,0.12000014265191145,1
483,0.15653767,-0.07276468999999999,0.0033338340914801402,0.0033338340914801402,0.7196004080761557,0.0033338340914801402,0.12000014265191145,1
484,0.15653767,-0.07276468999999999,0.0033338340914801402,0.0033338340914801402,0.7196004080761557,0.0033338340914801402,0.12000014265191145,1
485,0.15653767,-0.07276468999999999,0.0033338340914801402,0.0033338340914801402,0.7196004080761557,0.0033338340914801402,0.12000014265191145,1
486,0.15653767,-0.07276468999999999,0.0033338340914801402,0.0033338340914801402,0.7196004080761557,0.0033338340914801402,0.12000014265191145,1
487,0.15653767,-0.07276468999999999,0.0033338340914801402,0.0033338340914801402,0.7196004080761557,0.0033338340914801402,0.12000014265191145,1
488,0.15653767,-0.07276468999999999,0.0033338340914801402,0.0033338340914801402,0.7196004080761557,0.0033338340914801402,0.12000014265191145,1
489,0.15653767,-0.07276468999999999,0.0033338340914801402,0.0033338340914801402,0.7196004080761557,0.0033338340914801402,0.12000014265191145,1
490,0.15653767,-0.07276468999999999,0.0033338340914801402,0.0033338340914801402,0.7196004080761557,0.0033338340914801402,0.12000014265191145,1
491,0.15653767,-0.07276468999999999,0.0033338340914801402,0.0033338340914801402,0.7196004080761557,0.0033338340914801402,0.12000014265191145,1
492,0.15653767,-0.07276468999999999,0.0033338340914801402,0.0033338340914801402,0.7196004080761557,0.0033338340914801402,0.12000014265191145,1
493,0.15653767,-0.07276468999999999,0.0033338340914801402,0.0033338340914801402,0.7196004080761557,0.0033338340914801402,0.12000014265191145,1
494,0.15653767,-0.07276468999999999,0.0033338340914801402,0.0033338340914801402,0.7196004080761557,0.0033338340914801402,0.12000014265191145,1
495,0.15653767,-0.07276468999999999,0.0033338340914801402,0.0033338340914801402,0.7196004080761557,0.0033338340914801402,0.12000014265191145,1
496,0.15653767,-0.07276468999999999,0.0033338335400550792,0.0033338335400550792,0.7196007722740896,0.0033338324388366976,0.11999998950610472,0
497,0.15653767,-0.07276468999999999,0.0033338335400550792,0.0033338335400550792,0.7196007722740896,0.0033338324388366976,0.11999998950610472,0
498,0.15653767,-0.07276468999999999,0.0033338335400550792,0.0033338335400550792,0.7196007722740896,0.0033338324388366976,0.11999998950610472,0
499,0.15653767,-0.07276468999999999,0.0033338335400550792,0.0033338335400550792,0.7196007722740896,0.0033338324388366976,0.11999998950610472,0
500,0.15653767,-0.07276468999999999,0.0033338326993532096,0.0033338326993532096,0.7196003837634969,0.0033338326993532096,0.12000007839505215,1
