generation,p1,p2,fitness,best_fitness,cl,cd,t_max,feasible
1,0.19865936435470694,-0.09533774827514983,0.004225623599813726,0.004225623599813726,0.7576413126020172,0.004225623599813726,0.12140175401182637,1
2,0.19865936435470694,-0.09533774827514983,0.004225623599813726,0.004225623599813726,0.7576413126020172,0.004225623599813726,0.12140175401182637,1
3,0.21136355515495828,-0.09323754490507838,0.004178099330683029,0.004178099330683029,0.7493777939720123,0.004178099330683029,0.12420162856290984,1
4,0.20659967881153668,-0.09323754490507838,0.004158033850485254,0.004158033850485254,0.7484581299639811,0.004158033850485254,0.12406669512316176,1
5,0.20014743803691076,-0.09317036132653819,0.004102466763205549,0.004102466763205549,0.740029404659726,0.004102466763205549,0.12410450250699201,1
6,0.1999384301895883,-0.07667840835708081,0.0039435709843528375,0.0039435709843528375,0.7679562865157603,0.0039435709843528375,0.12152235270081614,1
7,0.1961446642497012,-0.07317006249941581,0.003860000535102953,0.003860000535102953,0.7510291290520905,0.003860000535102953,0.12054595504364338,1
8,0.1961446642497012,-0.07317006249941581,0.003860000535102953,0.003860000535102953,0.7510291290520905,0.003860000535102953,0.12054595504364338,1
9,0.1976654043883847,-0.07276468999999999,0.0038556012234366175,0.0038556012234366175,0.7564849467389174,0.0038556012234366175,0.12581655830188596,1
10,0.20073274812319458,-0.0733393620520177,0.003818783316690743,0.003818783316690743,0.7334382241041453,0.003818783316690743,0.12422145803549627,1
11,0.19630061015688582,-0.075434538098096,0.003807672115693044,0.003807672115693044,0.7369771150342845,0.003807672115693044,0.12370266682815387,1
12,0.19622253348990043,-0.07276468999999999,0.003764474267834156,0.003764474267834156,0.7374050433798376,0.003764474267834156,0.12252795698867935,1
13,0.1948568092828124,-0.07276468999999999,0.003752353039060117,0.003752353039060117,0.7290171735324795,0.003752353039060117,0.12363402551595566,1
14,0.17583266243793627,-0.07276468999999999,0.003687700618762038,0.003687700618762038,0.7215931439533136,0.003687700618762038,0.12206490249607102,1
15,0.18333905392119093,-0.07276468999999999,0.003667438864849626,0.003667438864849626,0.7224972269068314,0.003667438864849626,0.1219714995085857,1
16,0.19079435293946712,-0.0737850662416909,0.0036601250588370205,0.0036601250588370205,0.7244354445669602,0.0036601250588370205,0.12029987016224021,1
17,0.18646255728989172,-0.07282741927290565,0.0036190790350263445,0.0036190790350263445,0.720339163417189,0.0036190790350263445,0.1221313739287189,1
18,0.18646255728989172,-0.07282741927290565,0.0036190790350263445,0.0036190790350263445,0.720339163417189,0.0036190790350263445,0.1221313739287189,1
19,0.18643763626991106,-0.07330657018997103,0.0036069162173917525,0.0036069162173917525,0.724650624339616,0.0036069162173917525,0.12144988311107133,1
20,0.18643763626991106,-0.07330657018997103,0.0036069162173917525,0.0036069162173917525,0.724650624339616,0.0036069162173917525,0.12144988311107133,1
21,0.18840248985695465,-0.07306102501187466,0.0035872228957703643,0.0035872228957703643,0.7239915243225825,0.0035872228957703643,0.12031280368988188,1
22,0.18588409610159717,-0.07312667665305578,0.0035680304815904032,0.0035680304815904032,0.7196146007640954,0.0035680304815904032,0.12036702459306572,1
23,0.18588409610159717,-0.07312667665305578,0.0035680304815904032,0.0035680304815904032,0.7196146007640954,0.0035680304815904032,0.12036702459306572,1
24,0.18588409610159717,-0.07312667665305578,0.0035680304815904032,0.0035680304815904032,0.7196146007640954,0.0035680304815904032,0.12036702459306572,1
25,0.17538787205775158,-0.07276468999999999,0.003557568174098727,0.003557568174098727,0.7216024224382575,0.003557568174098727,0.12059332331897,1
26,0.17621040622375717,-0.07278152037142355,0.003545689087244312,0.003545689087244312,0.7197799974183262,0.003545689087244312,0.12047906133837402,1
27,0.17760783715072512,-0.07292329727173737,0.003541593571003859,0.003541593571003859,0.7216184064541502,0.003541593571003859,0.12000976380807286,1
28,0.18286125569945696,-0.07307314401950109,0.0035372858893963845,0.0035372858893963845,0.7196819369060359,0.0035372858893963845,0.12058026539826609,1
29,0.18286125569945696,-0.07307314401950109,0.0035372858893963845,0.0035372858893963845,0.7196819369060359,0.0035372858893963845,0.12058026539826609,1
30,0.1731170445760024,-0.07296560487952573,0.0035303468269900023,0.0035303468269900023,0.7229761374361683,0.0035303468269900023,0.12053217157714963,1
31,0.1731170445760024,-0.07296560487952573,0.0035303468269900023,0.0035303468269900023,0.7229761374361683,0.0035303468269900023,0.12053217157714963,1
32,0.18053138107263714,-0.07306632884293073,0.0035273623887566376,0.0035273623887566376,0.7202878929642381,0.0035273623887566376,0.12052744602541228,1
33,0.1737182660873435,-0.07298893303038939,0.0035211543715790933,0.0035211543715790933,0.7213556032628459,0.0035211543715790933,0.12051965979620224,1
34,0.17718914827101184,-0.07288046836727437,0.0035019594814359512,0.0035019594814359512,0.7203423992016041,0.0035019594814359512,0.1202154179499497,1
35,0.17718914827101184,-0.07288046836727437,0.0035019594814359512,0.0035019594814359512,0.7203423992016041,0.0035019594814359512,0.1202154179499497,1
36,0.17718914827101184,-0.07288046836727437,0.0035019594814359512,0.0035019594814359512,0.7203423992016041,0.0035019594814359512,0.1202154179499497,1
37,0.16913795710500396,-0.07289450365073276,0.003494570033052717,0.003494570033052717,0.7200194229170378,0.003494570033052717,0.1201030491059056,1
38,0.16913795710500396,-0.07289450365073276,0.003494570033052717,0.003494570033052717,0.7200194229170378,0.003494570033052717,0.1201030491059056,1
39,0.17256003722557645,-0.07276468999999999,0.003494547013468786,0.003494547013468786,0.7203844270690549,0.003494547013468786,0.12020162882039351,1
40,0.17256003722557645,-0.07276468999999999,0.003494547013468786,0.003494547013468786,0.7203844270690549,0.003494547013468786,0.12020162882039351,1
41,0.17485827964933098,-0.07277913637682498,0.0034898350123709425,0.0034898350123709425,0.7199548905721289,0.0034898350123709425,0.12002417444939734,1
42,0.17485827964933098,-0.07277913637682498,0.0034898350123709425,0.0034898350123709425,0.7199548905721289,0.0034898350123709425,0.12002417444939734,1
43,0.17394536810028122,-0.0727997072263852,0.0034895234674691532,0.0034895234674691532,0.7200458718228624,0.0034895234674691532,0.12026900278175152,1
44,0.1691863520001151,-0.07291853662313844,0.003473353618286408,0.003473353618286408,0.7200628973545292,0.003473353618286408,0.12016730274869165,1
45,0.1691863520001151,-0.07291853662313844,0.003473353618286408,0.003473353618286408,0.7200628973545292,0.003473353618286408,0.12016730274869165,1
46,0.1691863520001151,-0.07291853662313844,0.003473353618286408,0.003473353618286408,0.7200628973545292,0.003473353618286408,0.12016730274869165,1
47,0.1691863520001151,-0.07291853662313844,0.003473353618286408,0.003473353618286408,0.7200628973545292,0.003473353618286408,0.12016730274869165,1
48,0.17079579211407273,-0.07300859647281363,0.003472187178352604,0.003472187178352604,0.7197984537157854,0.003472187178352604,0.12015387614238686,1
49,0.1690495196510864,-0.07291843362615127,0.0034657805940295685,0.0034657805940295685,0.7208329201408542,0.0034657805940295685,0.12023396419608477,1
50,0.1690495196510864,-0.07291843362615127,0.0034657805940295685,0.0034657805940295685,0.7208329201408542,0.0034657805940295685,0.12023396419608477,1
51,0.1690495196510864,-0.07291843362615127,0.0034657805940295685,0.0034657805940295685,0.7208329201408542,0.0034657805940295685,0.12023396419608477,1
52,0.1690495196510864,-0.07291843362615127,0.0034657805940295685,0.0034657805940295685,0.7208329201408542,0.0034657805940295685,0.12023396419608477,1
53,0.1690495196510864,-0.07291843362615127,0.0034657805940295685,0.0034657805940295685,0.7208329201408542,0.0034657805940295685,0.12023396419608477,1
54,0.16385715133950732,-0.07285943440967356,0.0034498406309837913,0.0034498406309837913,0.7196767939817262,0.0034498406309837913,0.12009607666531695,1
55,0.16385715133950732,-0.07285943440967356,0.0034498406309837913,0.0034498406309837913,0.7196767939817262,0.0034498406309837913,0.12009607666531695,1
56,0.16119794183740133,-0.0729063604724538,0.0034447800017457044,0.0034447800017457044,0.71973783823087,0.0034447800017457044,0.12012244935431875,1
57,0.16119794183740133,-0.0729063604724538,0.0034447800017457044,0.0034447800017457044,0.71973783823087,0.0034447800017457044,0.12012244935431875,1
58,0.1668977869274763,-0.07290099783852898,0.0034315630395917087,0.0034315630395917087,0.7226963421247131,0.0034315630395917087,0.12032801405757625,1
59,0.1668977869274763,-0.07290099783852898,0.0034315630395917087,0.0034315630395917087,0.7226963421247131,0.0034315630395917087,0.12032801405757625,1
60,0.1668977869274763,-0.07290099783852898,0.0034315630395917087,0.0034315630395917087,0.7226963421247131,0.0034315630395917087,0.12032801405757625,1
61,0.16766586003733258,-0.07290519260024422,0.0034291554480613035,0.0034291554480613035,0.7202292618886155,0.0034286547724496,0.11999292415650467,0
62,0.16766586003733258,-0.07290519260024422,0.0034291554480613035,0.0034291554480613035,0.7202292618886155,0.0034286547724496,0.11999292415650467,0
63,0.16766586003733258,-0.07290519260024422,0.0034291554480613035,0.0034291554480613035,0.7202292618886155,0.0034286547724496,0.11999292415650467,0
64,0.1616825425996244,-0.07292778479015813,0.0034141398405857807,0.0034141398405857807,0.7211689515134618,0.0034141398405857807,0.12040331857599963,1
65,0.1616825425996244,-0.07292778479015813,0.0034141398405857807,0.0034141398405857807,0.7211689515134618,0.0034141398405857807,0.12040331857599963,1
66,0.1608290672379554,-0.07306625335820069,0.0034107388251901865,0.0034107388251901865,0.7214320366240478,0.0034107388251901865,0.12018224807303685,1
67,0.1608290672379554,-0.07306625335820069,0.0034107388251901865,0.0034107388251901865,0.7214320366240478,0.0034107388251901865,0.12018224807303685,1
68,0.1608290672379554,-0.07306625335820069,0.0034107388251901865,0.0034107388251901865,0.7214320366240478,0.0034107388251901865,0.12018224807303685,1
69,0.15885392359317,-0.07298939711240121,0.0034076109892972363,0.0034076109892972363,0.7215729911572515,0.0034076109892972363,0.12017186448990724,1
70,0.15885392359317,-0.07298939711240121,0.0034076109892972363,0.0034076109892972363,0.7215729911572515,0.0034076109892972363,0.12017186448990724,1
71,0.1602123890598567,-0.07293891083862643,0.0034024716348316202,0.0034024716348316202,0.721386801920689,0.0034024716348316202,0.12032386387842262,1
72,0.1594252346150083,-0.07280833047950161,0.003396058549086324,0.003396058549086324,0.7203665026518973,0.003396058549086324,0.12006792637132314,1
73,0.1594252346150083,-0.07280833047950161,0.003396058549086324,0.003396058549086324,0.7203665026518973,0.003396058549086324,0.12006792637132314,1
74,0.1594252346150083,-0.07280833047950161,0.003396058549086324,0.003396058549086324,0.7203665026518973,0.003396058549086324,0.12006792637132314,1
75,0.15678282351957212,-0.0729430069252004,0.0033905601634824575,0.0033905601634824575,0.719613754887858,0.0033905601634824575,0.12030417097821981,1
76,0.15678282351957212,-0.0729430069252004,0.0033905601634824575,0.0033905601634824575,0.719613754887858,0.0033905601634824575,0.12030417097821981,1
77,0.15678282351957212,-0.0729430069252004,0.0033905601634824575,0.0033905601634824575,0.719613754887858,0.0033905601634824575,0.12030417097821981,1
78,0.15678282351957212,-0.0729430069252004,0.0033905601634824575,0.0033905601634824575,0.719613754887858,0.0033905601634824575,0.12030417097821981,1
79,0.1582143641975438,-0.07278185678295841,0.0033834491825536525,0.0033834491825536525,0.7197130954739959,0.0033834491825536525,0.12002350754574068,1
80,0.1582143641975438,-0.07278185678295841,0.0033834491825536525,0.0033834491825536525,0.7197130954739959,0.0033834491825536525,0.12002350754574068,1
81,0.1582143641975438,-0.07278185678295841,0.0033834491825536525,0.0033834491825536525,0.7197130954739959,0.0033834491825536525,0.12002350754574068,1
82,0.1582143641975438,-0.07278185678295841,0.0033834491825536525,0.0033834491825536525,0.7197130954739959,0.0033834491825536525,0.12002350754574068,1
83,0.1582143641975438,-0.07278185678295841,0.0033834491825536525,0.0033834491825536525,0.7197130954739959,0.0033834491825536525,0.12002350754574068,1
84,0.1582143641975438,-0.07278185678295841,0.0033834491825536525,0.0033834491825536525,0.7197130954739959,0.0033834491825536525,0.12002350754574068,1
85,0.1582143641975438,-0.07278185678295841,0.0033834491825536525,0.0033834491825536525,0.7197130954739959,0.0033834491825536525,0.12002350754574068,1
86,0.1582143641975438,-0.07278185678295841,0.0033834491825536525,0.0033834491825536525,0.7197130954739959,0.0033834491825536525,0.12002350754574068,1
87,0.1582143641975438,-0.07278185678295841,0.0033834491825536525,0.0033834491825536525,0.7197130954739959,0.0033834491825536525,0.12002350754574068,1
88,0.1582143641975438,-0.07278185678295841,0.0033834491825536525,0.0033834491825536525,0.7197130954739959,0.0033834491825536525,0.12002350754574068,1
89,0.1582143641975438,-0.07278185678295841,0.0033834491825536525,0.0033834491825536525,0.7197130954739959,0.0033834491825536525,0.12002350754574068,1
90,0.1582143641975438,-0.07278185678295841,0.0033834491825536525,0.0033834491825536525,0.7197130954739959,0.0033834491825536525,0.12002350754574068,1
91,0.1582143641975438,-0.07278185678295841,0.0033834491825536525,0.0033834491825536525,0.7197130954739959,0.0033834491825536525,0.12002350754574068,1
92,0.1582143641975438,-0.07278185678295841,0.0033834491825536525,0.0033834491825536525,0.7197130954739959,0.0033834491825536525,0.12002350754574068,1
93,0.1582143641975438,-0.07278185678295841,0.0033834491825536525,0.0033834491825536525,0.7197130954739959,0.0033834491825536525,0.12002350754574068,1
94,0.1582143641975438,-0.07278185678295841,0.0033834491825536525,0.0033834491825536525,0.7197130954739959,0.0033834491825536525,0.12002350754574068,1
95,0.1582143641975438,-0.07278185678295841,0.0033834491825536525,0.0033834491825536525,0.7197130954739959,0.0033834491825536525,0.12002350754574068,1
96,0.15665185940104306,-0.07285683987002162,0.0033827677317969772,0.0033827677317969772,0.7207532756671623,0.0033827677317969772,0.12023404155170071,1
97,0.15665185940104306,-0.07285683987002162,0.0033827677317969772,0.0033827677317969772,0.7207532756671623,0.0033827677317969772,0.12023404155170071,1
98,0.1577882380871111,-0.07276468999999999,0.0033795250715092217,0.0033795250715092217,0.719727747978362,0.0033795250715092217,0.12009281924342019,1
99,0.1577882380871111,-0.07276468999999999,0.0033795250715092217,0.0033795250715092217,0.719727747978362,0.0033795250715092217,0.12009281924342019,1
100,0.1577882380871111,-0.07276468999999999,0.0033795250715092217,0.0033795250715092217,0.719727747978362,0.0033795250715092217,0.12009281924342019,1
101,0.1577882380871111,-0.07276468999999999,0.0033795250715092217,0.0033795250715092217,0.719727747978362,0.0033795250715092217,0.12009281924342019,1
102,0.1577882380871111,-0.07276468999999999,0.0033795250715092217,0.0033795250715092217,0.719727747978362,0.0033795250715092217,0.12009281924342019,1
103,0.1577882380871111,-0.07276468999999999,0.0033795250715092217,0.0033795250715092217,0.719727747978362,0.0033795250715092217,0.12009281924342019,1
104,0.1577882380871111,-0.07276468999999999,0.0033795250715092217,0.0033795250715092217,0.719727747978362,0.0033795250715092217,0.12009281924342019,1
105,0.15653767,-0.07285469130591882,0.0033765332139582232,0.0033765332139582232,0.7200624533189479,0.0033765332139582232,0.12005885808679725,1
106,0.15653767,-0.07285469130591882,0.0033765332139582232,0.0033765332139582232,0.7200624533189479,0.0033765332139582232,0.12005885808679725,1
107,0.15653767,-0.07285469130591882,0.0033765332139582232,0.0033765332139582232,0.7200624533189479,0.0033765332139582232,0.12005885808679725,1
108,0.15653767,-0.07285469130591882,0.0033765332139582232,0.0033765332139582232,0.7200624533189479,0.0033765332139582232,0.12005885808679725,1
109,0.15653767,-0.07285469130591882,0.0033765332139582232,0.0033765332139582232,0.7200624533189479,0.0033765332139582232,0.12005885808679725,1
110,0.15653767,-0.07285469130591882,0.0033765332139582232,0.0033765332139582232,0.7200624533189479,0.0033765332139582232,0.12005885808679725,1
111,0.15653767,-0.07285469130591882,0.0033765332139582232,0.0033765332139582232,0.7200624533189479,0.0033765332139582232,0.12005885808679725,1
112,0.15653767,-0.07285469130591882,0.0033765332139582232,0.0033765332139582232,0.7200624533189479,0.0033765332139582232,0.12005885808679725,1
113,0.1576354345540793,-0.07282366302467302,0.003373490867120678,0.003373490867120678,0.7198579765227083,0.003373490867120678,0.12003445706566244,1
114,0.1576354345540793,-0.07282366302467302,0.003373490867120678,0.003373490867120678,0.7198579765227083,0.003373490867120678,0.12003445706566244,1
115,0.1576354345540793,-0.07282366302467302,0.003373490867120678,0.003373490867120678,0.7198579765227083,0.003373490867120678,0.12003445706566244,1
116,0.1576354345540793,-0.07282366302467302,0.003373490867120678,0.003373490867120678,0.7198579765227083,0.003373490867120678,0.12003445706566244,1
117,0.15666989129601921,-0.0728237623029838,0.003373467078858599,0.003373467078858599,0.7198178394502306,0.003373467078858599,0.12027324122270305,1
118,0.15666989129601921,-0.0728237623029838,0.003373467078858599,0.003373467078858599,0.7198178394502306,0.003373467078858599,0.12027324122270305,1
119,0.1569337060832957,-0.07306689989745974,0.003372356997734969,0.003372356997734969,0.7198845045882082,0.003372356997734969,0.12032893035634551,1
120,0.1569337060832957,-0.07306689989745974,0.003372356997734969,0.003372356997734969,0.7198845045882082,0.003372356997734969,0.12032893035634551,1
121,0.1569337060832957,-0.07306689989745974,0.003372356997734969,0.003372356997734969,0.7198845045882082,0.003372356997734969,0.12032893035634551,1
122,0.1569337060832957,-0.07306689989745974,0.003372356997734969,0.003372356997734969,0.7198845045882082,0.003372356997734969,0.12032893035634551,1
123,0.1575689844738758,-0.07282679799218661,0.0033721446230124577,0.0033721446230124577,0.7205263004163508,0.0033721446230124577,0.12008285274114563,1
124,0.15705889334743886,-0.07296093030479307,0.003370913521217078,0.003370913521217078,0.7199947799308666,0.003370913521217078,0.12025296339652612,1
125,0.15705889334743886,-0.07296093030479307,0.003370913521217078,0.003370913521217078,0.7199947799308666,0.003370913521217078,0.12025296339652612,1
126,0.15705889334743886,-0.07296093030479307,0.003370913521217078,0.003370913521217078,0.7199947799308666,0.003370913521217078,0.12025296339652612,1
127,0.15750524172717567,-0.07276468999999999,0.0033690126121097563,0.0033690126121097563,0.7200988756222222,0.0033690126121097563,0.1201469601841308,1
128,0.15653767,-0.07276468999999999,0.0033634794601413004,0.0033634794601413004,0.7202222874302446,0.0033634794601413004,0.12001358658246562,1
129,0.15653767,-0.07276468999999999,0.0033634794601413004,0.0033634794601413004,0.7202222874302446,0.0033634794601413004,0.12001358658246562,1
130,0.15653767,-0.07276468999999999,0.0033634794601413004,0.0033634794601413004,0.7202222874302446,0.0033634794601413004,0.12001358658246562,1
131,0.15653767,-0.07276468999999999,0.0033634794601413004,0.0033634794601413004,0.7202222874302446,0.0033634794601413004,0.12001358658246562,1
132,0.15653767,-0.07276468999999999,0.0033634794601413004,0.0033634794601413004,0.7202222874302446,0.0033634794601413004,0.12001358658246562,1
133,0.15653767,-0.07276468999999999,0.0033634794601413004,0.0033634794601413004,0.7202222874302446,0.0033634794601413004,0.12001358658246562,1
134,0.15653767,-0.07276468999999999,0.0033634794601413004,0.0033634794601413004,0.7202222874302446,0.0033634794601413004,0.12001358658246562,1
135,0.15653767,-0.07276468999999999,0.0033634794601413004,0.0033634794601413004,0.7202222874302446,0.0033634794601413004,0.12001358658246562,1
136,0.15653767,-0.07276468999999999,0.0033634794601413004,0.0033634794601413004,0.7202222874302446,0.0033634794601413004,0.12001358658246562,1
137,0.15653767,-0.07276468999999999,0.0033634794601413004,0.0033634794601413004,0.7202222874302446,0.0033634794601413004,0.12001358658246562,1
138,0.15653767,-0.07276468999999999,0.0033634794601413004,0.0033634794601413004,0.7202222874302446,0.0033634794601413004,0.12001358658246562,1
139,0.15653767,-0.07276468999999999,0.0033634794601413004,0.0033634794601413004,0.7202222874302446,0.0033634794601413004,0.12001358658246562,1
140,0.15653767,-0.07276468999999999,0.0033634794601413004,0.0033634794601413004,0.7202222874302446,0.0033634794601413004,0.12001358658246562,1
141,0.15653767,-0.07276468999999999,0.0033634794601413004,0.0033634794601413004,0.7202222874302446,0.0033634794601413004,0.12001358658246562,1
142,0.15653767,-0.07276468999999999,0.0033634794601413004,0.0033634794601413004,0.7202222874302446,0.0033634794601413004,0.12001358658246562,1
143,0.15653767,-0.07276468999999999,0.0033634794601413004,0.0033634794601413004,0.7202222874302446,0.0033634794601413004,0.12001358658246562,1
144,0.15653767,-0.07276468999999999,0.0033634794601413004,0.0033634794601413004,0.7202222874302446,0.0033634794601413004,0.12001358658246562,1
145,0.15653767,-0.07276468999999999,0.0033634794601413004,0.0033634794601413004,0.7202222874302446,0.0033634794601413004,0.12001358658246562,1
146,0.15653767,-0.07276468999999999,0.0033634794601413004,0.0033634794601413004,0.7202222874302446,0.0033634794601413004,0.12001358658246562,1
147,0.15653767,-0.07276468999999999,0.0033634794601413004,0.0033634794601413004,0.7202222874302446,0.0033634794601413004,0.12001358658246562,1
148,0.15653767,-0.07276468999999999,0.0033634794601413004,0.0033634794601413004,0.7202222874302446,0.0033634794601413004,0.12001358658246562,1
149,0.15653767,-0.07276468999999999,0.0033634794601413004,0.0033634794601413004,0.7202222874302446,0.0033634794601413004,0.12001358658246562,1
150,0.15655725628401967,-0.07276468999999999,0.0033634292701930995,0.0033634292701930995,0.7203472051510954,0.0033634292701930995,0.12003068971057194,1
151,0.15655725628401967,-0.07276468999999999,0.0033634292701930995,0.0033634292701930995,0.7203472051510954,0.0033634292701930995,0.12003068971057194,1
152,0.15655725628401967,-0.07276468999999999,0.0033634292701930995,0.0033634292701930995,0.7203472051510954,0.0033634292701930995,0.12003068971057194,1
153,0.15655725628401967,-0.07276468999999999,0.0033634292701930995,0.0033634292701930995,0.7203472051510954,0.0033634292701930995,0.12003068971057194,1
154,0.15655725628401967,-0.07276468999999999,0.0033634292701930995,0.0033634292701930995,0.7203472051510954,0.0033634292701930995,0.12003068971057194,1
155,0.15655725628401967,-0.07276468999999999,0.0033634292701930995,0.0033634292701930995,0.7203472051510954,0.0033634292701930995,0.12003068971057194,1
156,0.15658666299316962,-0.07277338938240333,0.0033630815227611182,0.0033630815227611182,0.7206878233774818,0.0033630815227611182,0.12004016089998726,1
157,0.15658666299316962,-0.07277338938240333,0.0033630815227611182,0.0033630815227611182,0.7206878233774818,0.0033630815227611182,0.12004016089998726,1
158,0.1565746439959126,-0.07276827255078036,0.0033603345313820824,0.0033603345313820824,0.7196938512924975,0.0033603345313820824,0.12005375693141626,1
159,0.1565746439959126,-0.07276827255078036,0.0033603345313820824,0.0033603345313820824,0.7196938512924975,0.0033603345313820824,0.12005375693141626,1
160,0.1565746439959126,-0.07276827255078036,0.0033603345313820824,0.0033603345313820824,0.7196938512924975,0.0033603345313820824,0.12005375693141626,1
161,0.1565746439959126,-0.07276827255078036,0.0033603345313820824,0.0033603345313820824,0.7196938512924975,0.0033603345313820824,0.12005375693141626,1
162,0.1565746439959126,-0.07276827255078036,0.0033603345313820824,0.0033603345313820824,0.7196938512924975,0.0033603345313820824,0.12005375693141626,1
163,0.1565746439959126,-0.07276827255078036,0.0033603345313820824,0.0033603345313820824,0.7196938512924975,0.0033603345313820824,0.12005375693141626,1
164,0.1565746439959126,-0.07276827255078036,0.0033603345313820824,0.0033603345313820824,0.7196938512924975,0.0033603345313820824,0.12005375693141626,1
165,0.1565746439959126,-0.07276827255078036,0.0033603345313820824,0.0033603345313820824,0.7196938512924975,0.0033603345313820824,0.12005375693141626,1
166,0.1565746439959126,-0.07276827255078036,0.0033603345313820824,0.0033603345313820824,0.7196938512924975,0.0033603345313820824,0.12005375693141626,1
167,0.1565746439959126,-0.07276827255078036,0.0033603345313820824,0.0033603345313820824,0.7196938512924975,0.0033603345313820824,0.12005375693141626,1
168,0.1565746439959126,-0.07276827255078036,0.0033603345313820824,0.0033603345313820824,0.7196938512924975,0.0033603345313820824,0.12005375693141626,1
169,0.15663268374370345,-0.07279262488567183,0.0033593590403411043,0.0033593590403411043,0.7201784317788137,0.0033554579805505197,0.11998024889929501,0
170,0.15663268374370345,-0.07279262488567183,0.0033593590403411043,0.0033593590403411043,0.7201784317788137,0.0033554579805505197,0.11998024889929501,0
171,0.15663268374370345,-0.07279262488567183,0.0033593590403411043,0.0033593590403411043,0.7201784317788137,0.0033554579805505197,0.11998024889929501,0
172,0.15663268374370345,-0.07279262488567183,0.0033593590403411043,0.0033593590403411043,0.7201784317788137,0.0033554579805505197,0.11998024889929501,0
173,0.15682430566529684,-0.07280053169441214,0.0033584900786138025,0.0033584900786138025,0.7198569320578841,0.0033584900786138025,0.12018328938604261,1
174,0.15682430566529684,-0.07280053169441214,0.0033584900786138025,0.0033584900786138025,0.7198569320578841,0.0033584900786138025,0.12018328938604261,1
175,0.15682430566529684,-0.07280053169441214,0.0033584900786138025,0.0033584900786138025,0.7198569320578841,0.0033584900786138025,0.12018328938604261,1
176,0.15682430566529684,-0.07280053169441214,0.0033584900786138025,0.0033584900786138025,0.7198569320578841,0.0033584900786138025,0.12018328938604261,1
177,0.15682430566529684,-0.07280053169441214,0.0033584900786138025,0.0033584900786138025,0.7198569320578841,0.0033584900786138025,0.12018328938604261,1
178,0.15682430566529684,-0.07280053169441214,0.0033584900786138025,0.0033584900786138025,0.7198569320578841,0.0033584900786138025,0.12018328938604261,1
179,0.15682430566529684,-0.07280053169441214,0.0033584900786138025,0.0033584900786138025,0.7198569320578841,0.0033584900786138025,0.12018328938604261,1
180,0.15682430566529684,-0.07280053169441214,0.0033584900786138025,0.0033584900786138025,0.7198569320578841,0.0033584900786138025,0.12018328938604261,1
181,0.15682430566529684,-0.07280053169441214,0.0033584900786138025,0.0033584900786138025,0.7198569320578841,0.0033584900786138025,0.12018328938604261,1
182,0.15682430566529684,-0.07280053169441214,0.0033584900786138025,0.0033584900786138025,0.7198569320578841,0.0033584900786138025,0.12018328938604261,1
183,0.15664673027777398,-0.07276468999999999,0.003357754639331248,0.003357754639331248,0.7200347538715477,0.003357754639331248,0.12010615615876147,1
184,0.1566425656038719,-0.07279241054436383,0.003356486711287369,0.003356486711287369,0.720108081371889,0.003356486711287369,0.12003349555857876,1
185,0.1566425656038719,-0.07279241054436383,0.003356486711287369,0.003356486711287369,0.720108081371889,0.003356486711287369,0.12003349555857876,1
186,0.1566425656038719,-0.07279241054436383,0.003356486711287369,0.003356486711287369,0.720108081371889,0.003356486711287369,0.12003349555857876,1
187,0.15653767,-0.07279241054436383,0.0033560436972039516,0.0033560436972039516,0.7200821850670596,0.0033560436972039516,0.12003204032562648,1
188,0.15653767,-0.07279241054436383,0.0033560436972039516,0.0033560436972039516,0.7200821850670596,0.0033560436972039516,0.12003204032562648,1
189,0.15653767,-0.07276468999999999,0.0033558154759636264,0.0033558154759636264,0.7200811486336512,0.0033558154759636264,0.12003166869827418,1
190,0.15653767,-0.07276468999999999,0.0033558154759636264,0.0033558154759636264,0.7200811486336512,0.0033558154759636264,0.12003166869827418,1
191,0.15653767,-0.07276468999999999,0.0033558154759636264,0.0033558154759636264,0.7200811486336512,0.0033558154759636264,0.12003166869827418,1
192,0.15653767,-0.07276468999999999,0.0033558154759636264,0.0033558154759636264,0.7200811486336512,0.0033558154759636264,0.12003166869827418,1
193,0.15653767,-0.07276468999999999,0.0033558154759636264,0.0033558154759636264,0.7200811486336512,0.0033558154759636264,0.12003166869827418,1
194,0.15656345278593406,-0.0727742362412662,0.003355621917046045,0.003355621917046045,0.7205288076644575,0.003355621917046045,0.12005261363348523,1
195,0.15656345278593406,-0.0727742362412662,0.003355621917046045,0.003355621917046045,0.7205288076644575,0.003355621917046045,0.12005261363348523,1
196,0.15656345278593406,-0.0727742362412662,0.003355621917046045,0.003355621917046045,0.7205288076644575,0.003355621917046045,0.12005261363348523,1
197,0.15656345278593406,-0.07276468999999999,0.0033555418964916818,0.0033555418964916818,0.7205284284971878,0.0033555418964916818,0.12005248673159857,1
198,0.15656345278593406,-0.07276468999999999,0.0033555418964916818,0.0033555418964916818,0.7205284284971878,0.0033555418964916818,0.12005248673159857,1
199,0.15656345278593406,-0.07276468999999999,0.0033555418964916818,0.0033555418964916818,0.7205284284971878,0.0033555418964916818,0.12005248673159857,1
200,0.15656345278593406,-0.07276468999999999,0.0033555418964916818,0.0033555418964916818,0.7205284284971878,0.0033555418964916818,0.12005248673159857,1
201,0.15656345278593406,-0.07276468999999999,0.0033555418964916818,0.0033555418964916818,0.7205284284971878,0.0033555418964916818,0.12005248673159857,1
202,0.15656345278593406,-0.07276468999999999,0.0033555418964916818,0.0033555418964916818,0.7205284284971878,0.0033555418964916818,0.12005248673159857,1
203,0.15656345278593406,-0.07276468999999999,0.0033555418964916818,0.0033555418964916818,0.7205284284971878,0.0033555418964916818,0.12005248673159857,1
204,0.15656345278593406,-0.07276468999999999,0.0033555418964916818,0.0033555418964916818,0.7205284284971878,0.0033555418964916818,0.12005248673159857,1
205,0.15654731606899452,-0.07276819343469337,0.0033550555725377564,0.0033550555725377564,0.7202695245171331,0.0033550555725377564,0.12006961634521787,1
206,0.15654731606899452,-0.07276819343469337,0.0033550555725377564,0.0033550555725377564,0.7202695245171331,0.0033550555725377564,0.12006961634521787,1
207,0.15661796443423237,-0.07276468999999999,0.0033547202762927164,0.0033547202762927164,0.7197920731881509,0.0033547202762927164,0.12022229248161484,1
208,0.15654731606899452,-0.07276819343469337,0.003354068465466982,0.003354068465466982,0.720024058210621,0.003354068465466982,0.12004562234703668,1
209,0.15654731606899452,-0.07276819343469337,0.003354068465466982,0.003354068465466982,0.720024058210621,0.003354068465466982,0.12004562234703668,1
210,0.15654731606899452,-0.07276819343469337,0.003354068465466982,0.003354068465466982,0.720024058210621,0.003354068465466982,0.12004562234703668,1
211,0.15654731606899452,-0.07276819343469337,0.003354068465466982,0.003354068465466982,0.720024058210621,0.003354068465466982,0.12004562234703668,1
212,0.15654731606899452,-0.07276819343469337,0.003354068465466982,0.003354068465466982,0.720024058210621,0.003354068465466982,0.12004562234703668,1
213,0.15690294378745426,-0.07278285824375423,0.0033534273182299467,0.0033534273182299467,0.7200817840622125,0.0033534273182299467,0.12005505728701718,1
214,0.15690294378745426,-0.07278285824375423,0.0033534273182299467,0.0033534273182299467,0.7200817840622125,0.0033534273182299467,0.12005505728701718,1
215,0.15690294378745426,-0.07278285824375423,0.0033534273182299467,0.0033534273182299467,0.7200817840622125,0.0033534273182299467,0.12005505728701718,1
216,0.15690294378745426,-0.07278285824375423,0.0033534273182299467,0.0033534273182299467,0.7200817840622125,0.0033534273182299467,0.12005505728701718,1
217,0.15690294378745426,-0.07278285824375423,0.0033534273182299467,0.0033534273182299467,0.7200817840622125,0.0033534273182299467,0.12005505728701718,1
218,0.15690294378745426,-0.07278285824375423,0.0033534273182299467,0.0033534273182299467,0.7200817840622125,0.0033534273182299467,0.12005505728701718,1
219,0.15690294378745426,-0.07278285824375423,0.0033534273182299467,0.0033534273182299467,0.7200817840622125,0.0033534273182299467,0.12005505728701718,1
220,0.15690294378745426,-0.07278285824375423,0.0033534273182299467,0.0033534273182299467,0.7200817840622125,0.0033534273182299467,0.12005505728701718,1
221,0.15690294378745426,-0.07278285824375423,0.0033534273182299467,0.0033534273182299467,0.7200817840622125,0.0033534273182299467,0.12005505728701718,1
222,0.15690294378745426,-0.07278285824375423,0.0033534273182299467,0.0033534273182299467,0.7200817840622125,0.0033534273182299467,0.12005505728701718,1
223,0.15690294378745426,-0.07278285824375423,0.0033534273182299467,0.0033534273182299467,0.7200817840622125,0.0033534273182299467,0.12005505728701718,1
224,0.15690294378745426,-0.07278285824375423,0.0033534273182299467,0.0033534273182299467,0.7200817840622125,0.0033534273182299467,0.12005505728701718,1
225,0.15653767,-0.07277391908536779,0.0033526917758133113,0.0033526917758133113,0.7203308256324403,0.0033526917758133113,0.12001020666657998,1
226,0.15653767,-0.07277391908536779,0.0033526917758133113,0.0033526917758133113,0.7203308256324403,0.0033526917758133113,0.12001020666657998,1
227,0.15653767,-0.07277391908536779,0.0033526917758133113,0.0033526917758133113,0.7203308256324403,0.0033526917758133113,0.12001020666657998,1
228,0.15653767,-0.07277391908536779,0.0033526917758133113,0.0033526917758133113,0.7203308256324403,0.0033526917758133113,0.12001020666657998,1
229,0.15653767,-0.07277391908536779,0.0033526917758133113,0.0033526917758133113,0.7203308256324403,0.0033526917758133113,0.12001020666657998,1
230,0.15653767,-0.07277391908536779,0.0033526917758133113,0.0033526917758133113,0.7203308256324403,0.0033526917758133113,0.12001020666657998,1
231,0.15653767,-0.07277391908536779,0.0033526917758133113,0.0033526917758133113,0.7203308256324403,0.0033526917758133113,0.12001020666657998,1
232,0.15653767,-0.07277391908536779,0.0033526917758133113,0.0033526917758133113,0.7203308256324403,0.0033526917758133113,0.12001020666657998,1
233,0.15653767,-0.07277391908536779,0.0033526917758133113,0.0033526917758133113,0.7203308256324403,0.0033526917758133113,0.12001020666657998,1
234,0.1565633815556302,-0.07277232056598769,0.0033521405953787975,0.0033521405953787975,0.7197599371488748,0.003352018338044932,0.11999650346837758,0
235,0.1565633815556302,-0.07277232056598769,0.0033521405953787975,0.0033521405953787975,0.7197599371488748,0.003352018338044932,0.11999650346837758,0
236,0.1565633815556302,-0.07277232056598769,0.0033521405953787975,0.0033521405953787975,0.7197599371488748,0.003352018338044932,0.11999650346837758,0
237,0.1565633815556302,-0.07277232056598769,0.0033521405953787975,0.0033521405953787975,0.7197599371488748,0.003352018338044932,0.11999650346837758,0
238,0.1565633815556302,-0.07277232056598769,0.0033521405953787975,0.0033521405953787975,0.7197599371488748,0.003352018338044932,0.11999650346837758,0
239,0.1565633815556302,-0.07277232056598769,0.0033521405953787975,0.0033521405953787975,0.7197599371488748,0.003352018338044932,0.11999650346837758,0
240,0.1566300425194538,-0.07278059285872152,0.0033519424299475816,0.0033519424299475816,0.7198105189832524,0.0033519424299475816,0.12000078152125149,1
241,0.15656103590048745,-0.07277241908848875,0.0033518570405120397,0.0033518570405120397,0.7199618914632502,0.0033518570405120397,0.12001784630856831,1
242,0.15656103590048745,-0.07277241908848875,0.0033518570405120397,0.0033518570405120397,0.7199618914632502,0.0033518570405120397,0.12001784630856831,1
243,0.15656103590048745,-0.07277241908848875,0.0033518570405120397,0.0033518570405120397,0.7199618914632502,0.0033518570405120397,0.12001784630856831,1
244,0.15656103590048745,-0.07277241908848875,0.0033518570405120397,0.0033518570405120397,0.7199618914632502,0.0033518570405120397,0.12001784630856831,1
245,0.15656103590048745,-0.07277241908848875,0.0033518570405120397,0.0033518570405120397,0.7199618914632502,0.0033518570405120397,0.12001784630856831,1
246,0.15653767,-0.07277241908848875,0.003351756214196809,0.003351756214196809,0.7199562005895714,0.003351756214196809,0.12001753491996885,1
247,0.15653767,-0.07277241908848875,0.003351756214196809,0.003351756214196809,0.7199562005895714,0.003351756214196809,0.12001753491996885,1
248,0.15653767,-0.07277241908848875,0.003351756214196809,0.003351756214196809,0.7199562005895714,0.003351756214196809,0.12001753491996885,1
249,0.15653767,-0.07277241908848875,0.003351756214196809,0.003351756214196809,0.7199562005895714,0.003351756214196809,0.12001753491996885,1
250,0.15653767,-0.07277241908848875,0.003351756214196809,0.003351756214196809,0.7199562005895714,0.003351756214196809,0.12001753491996885,1
251,0.15653767,-0.07277241908848875,0.003351204242368195,0.003351204242368195,0.7198671340296375,0.003351204242368195,0.12002537982690693,1
252,0.15653767,-0.07277241908848875,0.003351204242368195,0.003351204242368195,0.7198671340296375,0.003351204242368195,0.12002537982690693,1
253,0.15653767,-0.07277241908848875,0.003351204242368195,0.003351204242368195,0.7198671340296375,0.003351204242368195,0.12002537982690693,1
254,0.15653767,-0.07277241908848875,0.003351204242368195,0.003351204242368195,0.7198671340296375,0.003351204242368195,0.12002537982690693,1
255,0.15653767,-0.07277241908848875,0.003351204242368195,0.003351204242368195,0.7198671340296375,0.003351204242368195,0.12002537982690693,1
256,0.15653767,-0.07277241908848875,0.003351204242368195,0.003351204242368195,0.7198671340296375,0.003351204242368195,0.12002537982690693,1
257,0.15653767,-0.07277241908848875,0.003351204242368195,0.003351204242368195,0.7198671340296375,0.003351204242368195,0.12002537982690693,1
258,0.15653767,-0.07277241908848875,0.003351204242368195,0.003351204242368195,0.7198671340296375,0.003351204242368195,0.12002537982690693,1
259,0.15653767,-0.07277241908848875,0.003351204242368195,0.003351204242368195,0.7198671340296375,0.003351204242368195,0.12002537982690693,1
260,0.15653767,-0.07277241908848875,0.003351204242368195,0.003351204242368195,0.7198671340296375,0.003351204242368195,0.12002537982690693,1
261,0.15653767,-0.07276468999999999,0.003351139831559931,0.003351139831559931,0.7198668403614528,0.003351139831559931,0.12002528095093982,1
262,0.15653767,-0.07276468999999999,0.003351139831559931,0.003351139831559931,0.7198668403614528,0.003351139831559931,0.12002528095093982,1
263,0.15653767,-0.07276468999999999,0.003351139831559931,0.003351139831559931,0.7198668403614528,0.003351139831559931,0.12002528095093982,1
264,0.15653767,-0.07276468999999999,0.003351139831559931,0.003351139831559931,0.7198668403614528,0.003351139831559931,0.12002528095093982,1
265,0.15653767,-0.07276468999999999,0.003351139831559931,0.003351139831559931,0.7198668403614528,0.003351139831559931,0.12002528095093982,1
266,0.15653767,-0.07276468999999999,0.003351139831559931,0.003351139831559931,0.7198668403614528,0.003351139831559931,0.12002528095093982,1
267,0.15653767,-0.07276468999999999,0.003351139831559931,0.003351139831559931,0.7198668403614528,0.003351139831559931,0.12002528095093982,1
268,0.15653767,-0.07276468999999999,0.003351139831559931,0.003351139831559931,0.7198668403614528,0.003351139831559931,0.12002528095093982,1
269,0.15653767,-0.07276468999999999,0.003351139831559931,0.003351139831559931,0.7198668403614528,0.003351139831559931,0.12002528095093982,1
270,0.15653767,-0.07276468999999999,0.003351139831559931,0.003351139831559931,0.7198668403614528,0.003351139831559931,0.12002528095093982,1
271,0.15653767,-0.07276468999999999,0.003351139831559931,0.003351139831559931,0.7198668403614528,0.003351139831559931,0.12002528095093982,1
272,0.15653767,-0.07276468999999999,0.003351139831559931,0.003351139831559931,0.7198668403614528,0.003351139831559931,0.12002528095093982,1
273,0.15653767,-0.07276468999999999,0.003351139831559931,0.003351139831559931,0.7198668403614528,0.003351139831559931,0.12002528095093982,1
274,0.15653767,-0.07276532888211261,0.0033503356293668332,0.0033503356293668332,0.7198029372603981,0.0033503356293668332,0.12000336566251832,1
275,0.15653767,-0.07276532888211261,0.0033503356293668332,0.0033503356293668332,0.7198029372603981,0.0033503356293668332,0.12000336566251832,1
276,0.15653767,-0.07276532888211261,0.0033503356293668332,0.0033503356293668332,0.7198029372603981,0.0033503356293668332,0.12000336566251832,1
277,0.15653767,-0.07276532888211261,0.0033503356293668332,0.0033503356293668332,0.7198029372603981,0.0033503356293668332,0.12000336566251832,1
278,0.15653767,-0.07276532888211261,0.0033503356293668332,0.0033503356293668332,0.7198029372603981,0.0033503356293668332,0.12000336566251832,1
279,0.15653767,-0.07276532888211261,0.0033503356293668332,0.0033503356293668332,0.7198029372603981,0.0033503356293668332,0.12000336566251832,1
280,0.15653767,-0.07276532888211261,0.0033503356293668332,0.0033503356293668332,0.7198029372603981,0.0033503356293668332,0.12000336566251832,1
281,0.15653767,-0.07276532888211261,0.0033503356293668332,0.0033503356293668332,0.7198029372603981,0.0033503356293668332,0.12000336566251832,1
282,0.15653767,-0.07276532888211261,0.0033503356293668332,0.0033503356293668332,0.7198029372603981,0.0033503356293668332,0.12000336566251832,1
283,0.15653767,-0.07276532888211261,0.0033503356293668332,0.0033503356293668332,0.7198029372603981,0.0033503356293668332,0.12000336566251832,1
284,0.15653767,-0.07276532888211261,0.0033503356293668332,0.0033503356293668332,0.7198029372603981,0.0033503356293668332,0.12000336566251832,1
285,0.15669088645101653,-0.07276488558391914,0.003349624001309348,0.003349624001309348,0.7196135839069184,0.003349624001309348,0.1200301517782598,1
286,0.15669088645101653,-0.07276488558391914,0.003349624001309348,0.003349624001309348,0.7196135839069184,0.003349624001309348,0.1200301517782598,1
287,0.15669088645101653,-0.07276488558391914,0.0033495541263320245,0.0033495541263320245,0.719626928430298,0.0033495541263320245,0.12003311416969381,1
288,0.15669088645101653,-0.07276488558391914,0.0033495541263320245,0.0033495541263320245,0.719626928430298,0.0033495541263320245,0.12003311416969381,1
289,0.15669088645101653,-0.07276488558391914,0.0033495541263320245,0.0033495541263320245,0.719626928430298,0.0033495541263320245,0.12003311416969381,1
290,0.15669088645101653,-0.07276488558391914,0.0033495541263320245,0.0033495541263320245,0.719626928430298,0.0033495541263320245,0.12003311416969381,1
291,0.15669088645101653,-0.07276488558391914,0.0033495541263320245,0.0033495541263320245,0.719626928430298,0.0033495541263320245,0.12003311416969381,1
292,0.15669088645101653,-0.07276488558391914,0.0033495541263320245,0.0033495541263320245,0.719626928430298,0.0033495541263320245,0.12003311416969381,1
293,0.15669088645101653,-0.07276488558391914,0.0033495541263320245,0.0033495541263320245,0.719626928430298,0.0033495541263320245,0.12003311416969381,1
294,0.15669088645101653,-0.07276488558391914,0.0033495541263320245,0.0033495541263320245,0.719626928430298,0.0033495541263320245,0.12003311416969381,1
295,0.15669088645101653,-0.07276488558391914,0.0033495541263320245,0.0033495541263320245,0.719626928430298,0.0033495541263320245,0.12003311416969381,1
296,0.15669088645101653,-0.07276488558391914,0.0033495541263320245,0.0033495541263320245,0.719626928430298,0.0033495541263320245,0.12003311416969381,1
297,0.15669088645101653,-0.07276488558391914,0.0033495541263320245,0.0033495541263320245,0.719626928430298,0.0033495541263320245,0.12003311416969381,1
298,0.15669088645101653,-0.07276488558391914,0.0033495541263320245,0.0033495541263320245,0.719626928430298,0.0033495541263320245,0.12003311416969381,1
299,0.15669088645101653,-0.07276468999999999,0.0033495525158570064,0.0033495525158570064,0.7196269203677285,0.0033495525158570064,0.1200331117661001,1
300,0.15669088645101653,-0.07276468999999999,0.0033495525158570064,0.0033495525158570064,0.7196269203677285,0.0033495525158570064,0.1200331117661001,1
301,0.15669088645101653,-0.07276468999999999,0.0033495525158570064,0.0033495525158570064,0.7196269203677285,0.0033495525158570064,0.1200331117661001,1
302,0.15669088645101653,-0.07276468999999999,0.0033495525158570064,0.0033495525158570064,0.7196269203677285,0.0033495525158570064,0.1200331117661001,1
303,0.15669088645101653,-0.07276468999999999,0.0033495525158570064,0.0033495525158570064,0.7196269203677285,0.0033495525158570064,0.1200331117661001,1
304,0.15669088645101653,-0.07276468999999999,0.0033495525158570064,0.0033495525158570064,0.7196269203677285,0.0033495525158570064,0.1200331117661001,1
305,0.15669088645101653,-0.07276468999999999,0.0033495525158570064,0.0033495525158570064,0.7196269203677285,0.0033495525158570064,0.1200331117661001,1
306,0.15669088645101653,-0.07276468999999999,0.0033495525158570064,0.0033495525158570064,0.7196269203677285,0.0033495525158570064,0.1200331117661001,1
307,0.15669088645101653,-0.07276468999999999,0.0033495525158570064,0.0033495525158570064,0.7196269203677285,0.0033495525158570064,0.1200331117661001,1
308,0.15669088645101653,-0.07276468999999999,0.0033495525158570064,0.0033495525158570064,0.7196269203677285,0.0033495525158570064,0.1200331117661001,1
309,0.15669088645101653,-0.07276468999999999,0.0033495525158570064,0.0033495525158570064,0.7196269203677285,0.0033495525158570064,0.1200331117661001,1
310,0.15669088645101653,-0.07276468999999999,0.0033495525158570064,0.0033495525158570064,0.7196269203677285,0.0033495525158570064,0.1200331117661001,1
311,0.15669088645101653,-0.07276468999999999,0.0033495525158570064,0.0033495525158570064,0.7196269203677285,0.0033495525158570064,0.1200331117661001,1
312,0.15669088645101653,-0.07276468999999999,0.0033495525158570064,0.0033495525158570064,0.7196269203677285,0.0033495525158570064,0.1200331117661001,1
313,0.15669088645101653,-0.07276468999999999,0.0033495525158570064,0.0033495525158570064,0.7196269203677285,0.0033495525158570064,0.1200331117661001,1
314,0.15669088645101653,-0.07276468999999999,0.0033495525158570064,0.0033495525158570064,0.7196269203677285,0.0033495525158570064,0.1200331117661001,1
315,0.15669088645101653,-0.07276468999999999,0.0033495525158570064,0.0033495525158570064,0.7196269203677285,0.0033495525158570064,0.1200331117661001,1
316,0.15669088645101653,-0.07276468999999999,0.0033495525158570064,0.0033495525158570064,0.7196269203677285,0.0033495525158570064,0.1200331117661001,1
317,0.15669088645101653,-0.07276468999999999,0.0033495525158570064,0.0033495525158570064,0.7196269203677285,0.0033495525158570064,0.1200331117661001,1
318,0.15669088645101653,-0.07276468999999999,0.0033495525158570064,0.0033495525158570064,0.7196269203677285,0.0033495525158570064,0.1200331117661001,1
319,0.15669088645101653,-0.07276468999999999,0.0033495525158570064,0.0033495525158570064,0.7196269203677285,0.0033495525158570064,0.1200331117661001,1
320,0.15672070593772086,-0.0727762080026584,0.003349541647945605,0.003349541647945605,0.7196330520468239,0.003349541647945605,0.12014687726615679,1
321,0.15672070593772086,-0.0727762080026584,0.003349541647945605,0.003349541647945605,0.7196330520468239,0.003349541647945605,0.12014687726615679,1
322,0.15672070593772086,-0.0727762080026584,0.003349541647945605,0.003349541647945605,0.7196330520468239,0.003349541647945605,0.12014687726615679,1
323,0.15672070593772086,-0.0727762080026584,0.003349541647945605,0.003349541647945605,0.7196330520468239,0.003349541647945605,0.12014687726615679,1
324,0.15672070593772086,-0.0727762080026584,0.003349541647945605,0.003349541647945605,0.7196330520468239,0.003349541647945605,0.12014687726615679,1
325,0.15672070593772086,-0.0727762080026584,0.003349541647945605,0.003349541647945605,0.7196330520468239,0.003349541647945605,0.12014687726615679,1
326,0.15672070593772086,-0.0727762080026584,0.003349541647945605,0.003349541647945605,0.7196330520468239,0.003349541647945605,0.12014687726615679,1
327,0.15672070593772086,-0.0727762080026584,0.003349541647945605,0.003349541647945605,0.7196330520468239,0.003349541647945605,0.12014687726615679,1
328,0.15672070593772086,-0.0727762080026584,0.003349541647945605,0.003349541647945605,0.7196330520468239,0.003349541647945605,0.12014687726615679,1
329,0.15672070593772086,-0.0727762080026584,0.003349541647945605,0.003349541647945605,0.7196330520468239,0.003349541647945605,0.12014687726615679,1
330,0.15672070593772086,-0.0727762080026584,0.003349541647945605,0.003349541647945605,0.7196330520468239,0.003349541647945605,0.12014687726615679,1
331,0.15672070593772086,-0.0727762080026584,0.003349541647945605,0.003349541647945605,0.7196330520468239,0.003349541647945605,0.12014687726615679,1
332,0.15672070593772086,-0.0727762080026584,0.003349541647945605,0.003349541647945605,0.7196330520468239,0.003349541647945605,0.12014687726615679,1
333,0.15672070593772086,-0.0727762080026584,0.003349541647945605,0.003349541647945605,0.7196330520468239,0.003349541647945605,0.12014687726615679,1
334,0.15672070593772086,-0.0727762080026584,0.003349541647945605,0.003349541647945605,0.7196330520468239,0.003349541647945605,0.12014687726615679,1
335,0.15672070593772086,-0.0727762080026584,0.003349541647945605,0.003349541647945605,0.7196330520468239,0.003349541647945605,0.12014687726615679,1
336,0.15672070593772086,-0.0727762080026584,0.003349541647945605,0.003349541647945605,0.7196330520468239,0.003349541647945605,0.12014687726615679,1
337,0.15672070593772086,-0.0727762080026584,0.003349541647945605,0.003349541647945605,0.7196330520468239,0.003349541647945605,0.12014687726615679,1
338,0.15672070593772086,-0.0727762080026584,0.003349541647945605,0.003349541647945605,0.7196330520468239,0.003349541647945605,0.12014687726615679,1
339,0.15672070593772086,-0.0727762080026584,0.003349541647945605,0.003349541647945605,0.7196330520468239,0.003349541647945605,0.12014687726615679,1
340,0.15672070593772086,-0.0727762080026584,0.003349541647945605,0.003349541647945605,0.7196330520468239,0.003349541647945605,0.12014687726615679,1
341,0.15672070593772086,-0.0727762080026584,0.003349541647945605,0.003349541647945605,0.7196330520468239,0.003349541647945605,0.12014687726615679,1
342,0.15672070593772086,-0.0727762080026584,0.003349541647945605,0.003349541647945605,0.7196330520468239,0.003349541647945605,0.12014687726615679,1
343,0.15672070593772086,-0.0727762080026584,0.003349541647945605,0.003349541647945605,0.7196330520468239,0.003349541647945605,0.12014687726615679,1
344,0.15672070593772086,-0.07276468999999999,0.0033494493294114074,0.0033494493294114074,0.7196326087866035,0.0033494493294114074,0.12014673703999845,1
345,0.15672070593772086,-0.07276468999999999,0.0033494493294114074,0.0033494493294114074,0.7196326087866035,0.0033494493294114074,0.12014673703999845,1
346,0.15672070593772086,-0.07276468999999999,0.0033494493294114074,0.0033494493294114074,0.7196326087866035,0.0033494493294114074,0.12014673703999845,1
347,0.15672070593772086,-0.07276468999999999,0.0033494493294114074,0.0033494493294114074,0.7196326087866035,0.0033494493294114074,0.12014673703999845,1
348,0.15672070593772086,-0.07276468999999999,0.0033494493294114074,0.0033494493294114074,0.7196326087866035,0.0033494493294114074,0.12014673703999845,1
349,0.15672070593772086,-0.07276468999999999,0.0033494493294114074,0.0033494493294114074,0.7196326087866035,0.0033494493294114074,0.12014673703999845,1
350,0.15672070593772086,-0.07276468999999999,0.0033494493294114074,0.0033494493294114074,0.7196326087866035,0.0033494493294114074,0.12014673703999845,1
351,0.15672070593772086,-0.07276468999999999,0.0033494493294114074,0.0033494493294114074,0.7196326087866035,0.0033494493294114074,0.12014673703999845,1
352,0.15672070593772086,-0.07276468999999999,0.0033494493294114074,0.0033494493294114074,0.7196326087866035,0.0033494493294114074,0.12014673703999845,1
353,0.15672070593772086,-0.07276468999999999,0.0033494493294114074,0.0033494493294114074,0.7196326087866035,0.0033494493294114074,0.12014673703999845,1
354,0.15672070593772086,-0.07276468999999999,0.0033494493294114074,0.0033494493294114074,0.7196326087866035,0.0033494493294114074,0.12014673703999845,1
355,0.15672070593772086,-0.07276468999999999,0.0033494493294114053,0.0033494493294114053,0.7196326087866035,0.0033494493294114053,0.12014673703997979,1
356,0.15672070593772086,-0.07276468999999999,0.0033494493294114053,0.0033494493294114053,0.7196326087866035,0.0033494493294114053,0.12014673703997979,1
357,0.15672070593772086,-0.07276468999999999,0.0033494493294114053,0.0033494493294114053,0.7196326087866035,0.0033494493294114053,0.12014673703997979,1
358,0.15653767,-0.07278903715475282,0.0033492521893924913,0.0033492521893924913,0.7199807826123749,0.0033492521893924913,0.12009446252126527,1
359,0.15653767,-0.07278903715475282,0.0033492521893924913,0.0033492521893924913,0.7199807826123749,0.0033492521893924913,0.12009446252126527,1
360,0.15653767,-0.07278903715475282,0.0033492521893924913,0.0033492521893924913,0.7199807826123749,0.0033492521893924913,0.12009446252126527,1
361,0.15708784058842049,-0.07280058173344126,0.003348793568743121,0.003348793568743121,0.7200843736583596,0.003348793568743121,0.1200356780734082,1
362,0.15708784058842049,-0.07280058173344126,0.003348793568743121,0.003348793568743121,0.7200843736583596,0.003348793568743121,0.1200356780734082,1
363,0.15708784058842049,-0.07280058173344126,0.003348793568743121,0.003348793568743121,0.7200843736583596,0.003348793568743121,0.1200356780734082,1
364,0.15708784058842049,-0.07280058173344126,0.003348793568743121,0.003348793568743121,0.7200843736583596,0.003348793568743121,0.1200356780734082,1
365,0.15684441925033465,-0.07283828852065602,0.0033460906832053863,0.0033460906832053863,0.7198434903573675,0.0033460906832053863,0.120035301939192,1
366,0.15684441925033465,-0.07283828852065602,0.0033460906832053863,0.0033460906832053863,0.7198434903573675,0.0033460906832053863,0.120035301939192,1
367,0.15684441925033465,-0.07283828852065602,0.0033460906832053863,0.0033460906832053863,0.7198434903573675,0.0033460906832053863,0.120035301939192,1
368,0.15684441925033465,-0.07283828852065602,0.0033460906832053863,0.0033460906832053863,0.7198434903573675,0.0033460906832053863,0.120035301939192,1
369,0.15684441925033465,-0.07283828852065602,0.0033460906832053863,0.0033460906832053863,0.7198434903573675,0.0033460906832053863,0.120035301939192,1
370,0.15684441925033465,-0.07283828852065602,0.0033460906832053863,0.0033460906832053863,0.7198434903573675,0.0033460906832053863,0.120035301939192,1
371,0.15684441925033465,-0.07283828852065602,0.0033460906832053863,0.0033460906832053863,0.7198434903573675,0.0033460906832053863,0.120035301939192,1
372,0.15653767,-0.07278866862948512,0.0033433067976960185,0.0033433067976960185,0.7197483561362624,0.003342586194466764,0.1199915111648075,0
373,0.15653767,-0.07278866862948512,0.0033433067976960185,0.0033433067976960185,0.7197483561362624,0.003342586194466764,0.1199915111648075,0
374,0.15653767,-0.07278866862948512,0.0033433067976960185,0.0033433067976960185,0.7197483561362624,0.003342586194466764,0.1199915111648075,0
375,0.15653767,-0.07278866862948512,0.0033433067976960185,0.0033433067976960185,0.7197483561362624,0.003342586194466764,0.1199915111648075,0
376,0.15653767,-0.07278866862948512,0.0033433067976960185,0.0033433067976960185,0.7197483561362624,0.003342586194466764,0.1199915111648075,0
377,0.15653767,-0.07278866862948512,0.0033433067976960185,0.0033433067976960185,0.7197483561362624,0.003342586194466764,0.1199915111648075,0
378,0.15653767,-0.07278866862948512,0.0033433067976960185,0.0033433067976960185,0.7197483561362624,0.003342586194466764,0.1199915111648075,0
379,0.15653767,-0.07278866862948512,0.0033433067976960185,0.0033433067976960185,0.7197483561362624,0.003342586194466764,0.1199915111648075,0
380,0.15653767,-0.07278866862948512,0.0033433067976960185,0.0033433067976960185,0.7197483561362624,0.003342586194466764,0.1199915111648075,0
381,0.15653767,-0.07278866862948512,0.0033433067976960185,0.0033433067976960185,0.7197483561362624,0.003342586194466764,0.1199915111648075,0
382,0.15653767,-0.07278866862948512,0.0033433067976960185,0.0033433067976960185,0.7197483561362624,0.003342586194466764,0.1199915111648075,0
383,0.15653767,-0.07278866862948512,0.0033433067976960185,0.0033433067976960185,0.7197483561362624,0.003342586194466764,0.1199915111648075,0
384,0.15653767,-0.07278866862948512,0.0033433067976960185,0.0033433067976960185,0.7197483561362624,0.003342586194466764,0.1199915111648075,0
385,0.15653767,-0.07278866862948512,0.0033433067976960185,0.0033433067976960185,0.7197483561362624,0.003342586194466764,0.1199915111648075,0
386,0.15653767,-0.07278866862948512,0.0033433067976960185,0.0033433067976960185,0.7197483561362624,0.003342586194466764,0.1199915111648075,0
387,0.15653767,-0.07278866862948512,0.0033433067976960185,0.0033433067976960185,0.7197483561362624,0.003342586194466764,0.1199915111648075,0
388,0.15653767,-0.07278866862948512,0.0033433067976960185,0.0033433067976960185,0.7197483561362624,0.003342586194466764,0.1199915111648075,0
389,0.15653767,-0.07278866862948512,0.0033433067976960185,0.0033433067976960185,0.7197483561362624,0.003342586194466764,0.1199915111648075,0
390,0.15653767,-0.07278866862948512,0.0033433067976960185,0.0033433067976960185,0.7197483561362624,0.003342586194466764,0.1199915111648075,0
391,0.15653767,-0.07278866862948512,0.0033433067976960185,0.0033433067976960185,0.7197483561362624,0.003342586194466764,0.1199915111648075,0
392,0.15653767,-0.07278866862948512,0.0033433067976960185,0.0033433067976960185,0.7197483561362624,0.003342586194466764,0.1199915111648075,0
393,0.15653767,-0.07278866862948512,0.0033433067976960185,0.0033433067976960185,0.7197483561362624,0.003342586194466764,0.1199915111648075,0
394,0.15653767,-0.07278866862948512,0.0033433067976960185,0.0033433067976960185,0.7197483561362624,0.003342586194466764,0.1199915111648075,0
395,0.15653767,-0.07278866862948512,0.0033433067976960185,0.0033433067976960185,0.7197483561362624,0.003342586194466764,0.1199915111648075,0
396,0.15653767,-0.07278866862948512,0.0033433067976960185,0.0033433067976960185,0.7197483561362624,0.003342586194466764,0.1199915111648075,0
397,0.15653767,-0.07278866862948512,0.0033433067976960185,0.0033433067976960185,0.7197483561362624,0.003342586194466764,0.1199915111648075,0
398,0.15653767,-0.07278866862948512,0.0033433067976960185,0.0033433067976960185,0.7197483561362624,0.003342586194466764,0.1199915111648075,0
399,0.15653767,-0.07278866862948512,0.0033433067976960185,0.0033433067976960185,0.7197483561362624,0.003342586194466764,0.1199915111648075,0
400,0.15653767,-0.07278866862948512,0.0033433067976960185,0.0033433067976960185,0.7197483561362624,0.003342586194466764,0.1199915111648075,0
401,0.15653767,-0.07278866862948512,0.0033433067976960185,0.0033433067976960185,0.7197483561362624,0.003342586194466764,0.1199915111648075,0
402,0.15653767,-0.07278866862948512,0.0033433067976960185,0.0033433067976960185,0.7197483561362624,0.003342586194466764,0.1199915111648075,0
403,0.15653767,-0.07278866862948512,0.0033433067976960185,0.0033433067976960185,0.7197483561362624,0.003342586194466764,0.1199915111648075,0
404,0.15653767,-0.07278866862948512,0.0033433067976960185,0.0033433067976960185,0.7197483561362624,0.003342586194466764,0.1199915111648075,0
405,0.15653767,-0.07278866862948512,0.0033433067976960185,0.0033433067976960185,0.7197483561362624,0.003342586194466764,0.1199915111648075,0
406,0.15653767,-0.07278866862948512,0.0033433067976960185,0.0033433067976960185,0.7197483561362624,0.003342586194466764,0.1199915111648075,0
407,0.15653767,-0.07278866862948512,0.0033433067976960185,0.0033433067976960185,0.7197483561362624,0.003342586194466764,0.1199915111648075,0
408,0.15653767,-0.07278866862948512,0.0033433067976960185,0.0033433067976960185,0.7197483561362624,0.003342586194466764,0.1199915111648075,0
409,0.15653767,-0.07278866862948512,0.0033433067976960185,0.0033433067976960185,0.7197483561362624,0.003342586194466764,0.1199915111648075,0
410,0.15653767,-0.07278866862948512,0.0033433067976960185,0.0033433067976960185,0.7197483561362624,0.003342586194466764,0.1199915111648075,0
411,0.15653767,-0.07278866862948512,0.0033433067976960185,0.0033433067976960185,0.7197483561362624,0.003342586194466764,0.1199915111648075,0
412,0.15653767,-0.07278866862948512,0.0033433067976960185,0.0033433067976960185,0.7197483561362624,0.003342586194466764,0.1199915111648075,0
413,0.15653767,-0.07278866862948512,0.0033433067976960185,0.0033433067976960185,0.7197483561362624,0.003342586194466764,0.1199915111648075,0
414,0.15653767,-0.07278866862948512,0.0033433067976960185,0.0033433067976960185,0.7197483561362624,0.003342586194466764,0.1199915111648075,0
415,0.15653767,-0.07278866862948512,0.0033433067976960185,0.0033433067976960185,0.7197483561362624,0.003342586194466764,0.1199915111648075,0
416,0.15653767,-0.07278866862948512,0.0033433067976960185,0.0033433067976960185,0.7197483561362624,0.003342586194466764,0.1199915111648075,0
417,0.15653767,-0.07278866862948512,0.0033433067976960185,0.0033433067976960185,0.7197483561362624,0.003342586194466764,0.1199915111648075,0
418,0.15653767,-0.07278866862948512,0.0033433067976960185,0.0033433067976960185,0.7197483561362624,0.003342586194466764,0.1199915111648075,0
419,0.15653767,-0.07278866862948512,0.0033433067976960185,0.0033433067976960185,0.7197483561362624,0.003342586194466764,0.1199915111648075,0
420,0.15653767,-0.07278866862948512,0.0033433067976960185,0.0033433067976960185,0.7197483561362624,0.003342586194466764,0.1199915111648075,0
421,0.15653767,-0.07278866862948512,0.0033433067976960185,0.0033433067976960185,0.7197483561362624,0.003342586194466764,0.1199915111648075,0
422,0.15653767,-0.07278866862948512,0.0033433067976960185,0.0033433067976960185,0.7197483561362624,0.003342586194466764,0.1199915111648075,0
423,0.15653767,-0.07278866862948512,0.0033433067976960185,0.0033433067976960185,0.7197483561362624,0.003342586194466764,0.1199915111648075,0
424,0.15653767,-0.07278866862948512,0.0033433067976960185,0.0033433067976960185,0.7197483561362624,0.003342586194466764,0.1199915111648075,0
425,0.15653767,-0.07278866862948512,0.0033433067976960185,0.0033433067976960185,0.7197483561362624,0.003342586194466764,0.1199915111648075,0
426,0.15653767,-0.07278866862948512,0.0033433067976960185,0.0033433067976960185,0.7197483561362624,0.003342586194466764,0.1199915111648075,0
427,0.15653767,-0.07278866862948512,0.0033433067976960185,0.0033433067976960185,0.7197483561362624,0.003342586194466764,0.1199915111648075,0
428,0.15653767,-0.07278866862948512,0.0033433067976960185,0.0033433067976960185,0.7197483561362624,0.003342586194466764,0.1199915111648075,0
429,0.15653767,-0.07278866862948512,0.0033433067976960185,0.0033433067976960185,0.7197483561362624,0.003342586194466764,0.1199915111648075,0
430,0.15653767,-0.07278866862948512,0.0033433067976960185,0.0033433067976960185,0.7197483561362624,0.003342586194466764,0.1199915111648075,0
431,0.15653767,-0.07278866862948512,0.0033433067976960185,0.0033433067976960185,0.7197483561362624,0.003342586194466764,0.1199915111648075,0
432,0.15653767,-0.07278866862948512,0.0033433067976960185,0.0033433067976960185,0.7197483561362624,0.003342586194466764,0.1199915111648075,0
433,0.15653767,-0.07278866862948512,0.0033433067976960185,0.0033433067976960185,0.7197483561362624,0.003342586194466764,0.1199915111648075,0
434,0.15653767,-0.07278866862948512,0.0033433067976960185,0.0033433067976960185,0.7197483561362624,0.003342586194466764,0.1199915111648075,0
435,0.15653767,-0.07278866862948512,0.0033433067976960185,0.0033433067976960185,0.7197483561362624,0.003342586194466764,0.1199915111648075,0
436,0.15653767,-0.07278866862948512,0.0033433067976960185,0.0033433067976960185,0.7197483561362624,0.003342586194466764,0.1199915111648075,0
437,0.15653767,-0.07278866862948512,0.0033433067976960185,0.0033433067976960185,0.7197483561362624,0.003342586194466764,0.1199915111648075,0
438,0.15653767,-0.07278866862948512,0.0033433067976960185,0.0033433067976960185,0.7197483561362624,0.003342586194466764,0.1199915111648075,0
439,0.15653767,-0.07278866862948512,0.0033433067976960185,0.0033433067976960185,0.7197483561362624,0.003342586194466764,0.1199915111648075,0
440,0.15653767,-0.07278866862948512,0.0033433067976960185,0.0033433067976960185,0.7197483561362624,0.003342586194466764,0.1199915111648075,0
441,0.15653767,-0.07278866862948512,0.0033433067976960185,0.0033433067976960185,0.7197483561362624,0.003342586194466764,0.1199915111648075,0
442,0.15653767,-0.07278866862948512,0.0033433067976960185,0.0033433067976960185,0.7197483561362624,0.003342586194466764,0.1199915111648075,0
443,0.15653767,-0.07278866862948512,0.0033433067976960185,0.0033433067976960185,0.7197483561362624,0.003342586194466764,0.1199915111648075,0
444,0.15653767,-0.07278866862948512,0.0033433067976960185,0.0033433067976960185,0.7197483561362624,0.003342586194466764,0.1199915111648075,0
445,0.15653767,-0.07278866862948512,0.0033433067976960185,0.0033433067976960185,0.7197483561362624,0.003342586194466764,0.1199915111648075,0
446,0.15653767,-0.07278866862948512,0.0033433067976960185,0.0033433067976960185,0.7197483561362624,0.003342586194466764,0.1199915111648075,0
447,0.15653767,-0.07278866862948512,0.0033433067976960185,0.0033433067976960185,0.7197483561362624,0.003342586194466764,0.1199915111648075,0
448,0.15653767,-0.07278866862948512,0.0033433067976960185,0.0033433067976960185,0.7197483561362624,0.003342586194466764,0.1199915111648075,0
449,0.15653767,-0.07278866862948512,0.0033433067976960185,0.0033433067976960185,0.7197483561362624,0.003342586194466764,0.1199915111648075,0
450,0.15653767,-0.07278866862948512,0.0033433067976960185,0.0033433067976960185,0.7197483561362624,0.003342586194466764,0.1199915111648075,0
451,0.15653767,-0.07278866862948512,0.0033433067976960185,0.0033433067976960185,0.7197483561362624,0.003342586194466764,0.1199915111648075,0
452,0.15653767,-0.07278866862948512,0.0033433067976960185,0.0033433067976960185,0.7197483561362624,0.003342586194466764,0.1199915111648075,0
453,0.15653767,-0.07278866862948512,0.0033433067976960185,0.0033433067976960185,0.7197483561362624,0.003342586194466764,0.1199915111648075,0
454,0.15653767,-0.07278866862948512,0.0033433067976960185,0.0033433067976960185,0.7197483561362624,0.003342586194466764,0.1199915111648075,0
455,0.15653767,-0.07278866862948512,0.0033433067976960185,0.0033433067976960185,0.7197483561362624,0.003342586194466764,0.1199915111648075,0
456,0.15653767,-0.07278866862948512,0.0033431623772807954,0.0033431623772807954,0.7197518727280919,0.003342567547112261,0.11999228747662218,0
457,0.15653767,-0.07278866862948512,0.0033431623772807954,0.0033431623772807954,0.7197518727280919,0.003342567547112261,0.11999228747662218,0
458,0.15653767,-0.07278866862948512,0.0033431623772807954,0.0033431623772807954,0.7197518727280919,0.003342567547112261,0.11999228747662218,0
459,0.15653767,-0.07278866862948512,0.0033431623772807954,0.0033431623772807954,0.7197518727280919,0.003342567547112261,0.11999228747662218,0
460,0.15653767,-0.07278866862948512,0.0033431623772807954,0.0033431623772807954,0.7197518727280919,0.003342567547112261,0.11999228747662218,0
461,0.15653767,-0.07278866862948512,0.0033431623772807954,0.0033431623772807954,0.7197518727280919,0.003342567547112261,0.11999228747662218,0
462,0.15653767,-0.07278866862948512,0.0033431623772807954,0.0033431623772807954,0.7197518727280919,0.003342567547112261,0.11999228747662218,0
463,0.15653767,-0.07278866862948512,0.0033431623772807954,0.0033431623772807954,0.7197518727280919,0.003342567547112261,0.11999228747662218,0
464,0.15653767,-0.07278866862948512,0.0033431623772807954,0.0033431623772807954,0.7197518727280919,0.003342567547112261,0.11999228747662218,0
465,0.15653767,-0.07278866862948512,0.0033431623772807954,0.0033431623772807954,0.7197518727280919,0.003342567547112261,0.11999228747662218,0
466,0.15653767,-0.07278866862948512,0.0033431623772807954,0.0033431623772807954,0.7197518727280919,0.003342567547112261,0.11999228747662218,0
467,0.15653767,-0.07278866862948512,0.0033431623772807954,0.0033431623772807954,0.7197518727280919,0.003342567547112261,0.11999228747662218,0
468,0.15653767,-0.07278866862948512,0.0033431623772807954,0.0033431623772807954,0.7197518727280919,0.003342567547112261,0.11999228747662218,0
469,0.15653767,-0.07278866862948512,0.0033431623772807954,0.0033431623772807954,0.7197518727280919,0.003342567547112261,0.11999228747662218,0
470,0.15653767,-0.07278866862948512,0.0033431623772807954,0.0033431623772807954,0.7197518727280919,0.003342567547112261,0.11999228747662218,0
471,0.15653767,-0.07278866862948512,0.0033431623772807954,0.0033431623772807954,0.7197518727280919,0.003342567547112261,0.11999228747662218,0
472,0.15653767,-0.07278866862948512,0.0033431623772807954,0.0033431623772807954,0.7197518727280919,0.003342567547112261,0.11999228747662218,0
473,0.15653767,-0.07278866862948512,0.0033431623772807954,0.0033431623772807954,0.7197518727280919,0.003342567547112261,0.11999228747662218,0
474,0.15653767,-0.07278866862948512,0.0033431623772807954,0.0033431623772807954,0.7197518727280919,0.003342567547112261,0.11999228747662218,0
475,0.15653767,-0.07278866862948512,0.0033431623772807954,0.0033431623772807954,0.7197518727280919,0.003342567547112261,0.11999228747662218,0
476,0.15653767,-0.07278866862948512,0.0033431623772807954,0.0033431623772807954,0.7197518727280919,0.003342567547112261,0.11999228747662218,0
477,0.15653767,-0.07278866862948512,0.0033431623772807954,0.0033431623772807954,0.7197518727280919,0.003342567547112261,0.11999228747662218,0
478,0.15653767,-0.07278866862948512,0.0033431623772807954,0.0033431623772807954,0.7197518727280919,0.003342567547112261,0.11999228747662218,0
479,0.15653767,-0.07278866862948512,0.0033431623772807954,0.0033431623772807954,0.7197518727280919,0.003342567547112261,0.11999228747662218,0
480,0.15653767,-0.07278866862948512,0.0033431623772807954,0.0033431623772807954,0.7197518727280919,0.003342567547112261,0.11999228747662218,0
481,0.15653767,-0.07278866862948512,0.0033431623772807954,0.0033431623772807954,0.7197518727280919,0.003342567547112261,0.11999228747662218,0
482,0.15653767,-0.07278866862948512,0.0033431623772807954,0.0033431623772807954,0.7197518727280919,0.003342567547112261,0.11999228747662218,0
483,0.15653767,-0.07278866862948512,0.0033431623772807954,0.0033431623772807954,0.7197518727280919,0.003342567547112261,0.11999228747662218,0
484,0.15653767,-0.07278866862948512,0.0033431623772807954,0.0033431623772807954,0.7197518727280919,0.003342567547112261,0.11999228747662218,0
485,0.15653767,-0.07278866862948512,0.0033431623772807954,0.0033431623772807954,0.7197518727280919,0.003342567547112261,0.11999228747662218,0
486,0.15653767,-0.07278866862948512,0.0033431623772807954,0.0033431623772807954,0.7197518727280919,0.003342567547112261,0.11999228747662218,0
487,0.15653767,-0.07278866862948512,0.0033431623772807954,0.0033431623772807954,0.7197518727280919,0.003342567547112261,0.11999228747662218,0
488,0.15653767,-0.07278866862948512,0.0033431623772807954,0.0033431623772807954,0.7197518727280919,0.003342567547112261,0.11999228747662218,0
489,0.15653767,-0.07278866862948512,0.0033431623772807954,0.0033431623772807954,0.7197518727280919,0.003342567547112261,0.11999228747662218,0
490,0.15653767,-0.07278866862948512,0.0033431623772807954,0.0033431623772807954,0.7197518727280919,0.003342567547112261,0.11999228747662218,0
491,0.15653767,-0.07278866862948512,0.0033431623772807954,0.0033431623772807954,0.7197518727280919,0.003342567547112261,0.11999228747662218,0
492,0.15653767,-0.07278866862948512,0.0033429488582985343,0.0033429488582985343,0.7198359957344342,0.0033429488582985343,0.12000057615914614,1
493,0.15653767,-0.07278866862948512,0.0033429488582985343,0.0033429488582985343,0.7198359957344342,0.0033429488582985343,0.12000057615914614,1
494,0.15653767,-0.07278866862948512,0.0033429488582985343,0.0033429488582985343,0.7198359957344342,0.0033429488582985343,0.12000057615914614,1
495,0.15653767,-0.07278866862948512,0.0033429488582985343,0.0033429488582985343,0.7198359957344342,0.0033429488582985343,0.12000057615914614,1
496,0.15653767,-0.07278866862948512,0.0033429488582985343,0.0033429488582985343,0.7198359957344342,0.0033429488582985343,0.12000057615914614,1
497,0.15653767,-0.07278866862948512,0.0033429488582985343,0.0033429488582985343,0.7198359957344342,0.0033429488582985343,0.12000057615914614,1
498,0.15653767,-0.07278866862948512,0.0033429488582985343,0.0033429488582985343,0.7198359957344342,0.0033429488582985343,0.12000057615914614,1
499,0.15653767,-0.07276468999999999,0.0033427510748548993,0.0033427510748548993,0.7198349662024701,0.0033427510748548993,0.12000028596939614,1
500,0.15653767,-0.07276468999999999,0.0033427510748548993,0.0033427510748548993,0.7198349662024701,0.0033427510748548993,0.12000028596939614,1
